label,frequency,female,male,female%,male%,max_list_length,min_list_length,mean_list_length
pop,2617,1321.0,1294.0,0.5047764615972488,0.49445930454719145,73.0,1.0,3.065391969407266
rock,1765,356.0,1409.0,0.201699716713881,0.798300283286119,13.0,1.0,3.373371104815864
r_and_b,1647,760.0,887.0,0.461445051608986,0.5385549483910139,13.0,1.0,3.585913782635094
country,1613,504.0,1108.0,0.3124612523248605,0.6869187848729076,12.0,1.0,2.358560794044665
hip_hop,1114,187.0,927.0,0.16786355475763015,0.8321364452423698,73.0,1.0,2.538599640933573
folk,1046,427.0,616.0,0.40822179732313574,0.5889101338432122,12.0,1.0,3.3844678811121764
soul,1023,532.0,490.0,0.520039100684262,0.4789833822091887,13.0,1.0,3.8943248532289627
jazz,962,392.0,570.0,0.4074844074844075,0.5925155925155925,12.0,1.0,3.415800415800416
alternative_rock,937,199.0,737.0,0.21237993596584845,0.7865528281750267,15.0,1.0,4.053418803418803
blues,859,191.0,668.0,0.22235157159487776,0.7776484284051223,12.0,1.0,3.6006984866123397
pop_rock,661,231.0,426.0,0.3494704992435703,0.6444780635400907,14.0,1.0,3.8386605783866057
hard_rock,616,42.0,574.0,0.06818181818181818,0.9318181818181818,73.0,1.0,4.150974025974026
indie_rock,495,134.0,361.0,0.27070707070707073,0.7292929292929293,73.0,1.0,3.6303030303030304
heavy_metal,453,34.0,419.0,0.07505518763796909,0.9249448123620309,15.0,1.0,4.0905077262693155
folk_rock,403,114.0,289.0,0.28287841191067,0.71712158808933,14.0,1.0,4.0
punk_rock,369,67.0,302.0,0.18157181571815717,0.8184281842818428,14.0,1.0,3.989159891598916
gospel,346,162.0,184.0,0.4682080924855491,0.5317919075144508,12.0,1.0,3.9364161849710984
blues_rock,335,31.0,303.0,0.09253731343283582,0.9044776119402985,12.0,1.0,4.227544910179641
dance,307,204.0,103.0,0.6644951140065146,0.3355048859934853,73.0,1.0,4.2052117263843645
rock_and_roll,299,29.0,270.0,0.09698996655518395,0.903010033444816,12.0,1.0,3.698996655518395
new_wave,298,73.0,225.0,0.24496644295302014,0.7550335570469798,73.0,1.0,4.523489932885906
funk,298,80.0,218.0,0.2684563758389262,0.7315436241610739,73.0,1.0,5.261744966442953
americana,270,101.0,169.0,0.37407407407407406,0.6259259259259259,12.0,1.0,4.133333333333334
indie_pop,238,141.0,97.0,0.592436974789916,0.40756302521008403,73.0,1.0,3.6512605042016806
progressive_rock,227,9.0,218.0,0.039647577092511016,0.960352422907489,73.0,1.0,4.453744493392071
electronic,224,90.0,134.0,0.4017857142857143,0.5982142857142857,15.0,1.0,4.25
synth_pop,204,73.0,131.0,0.35784313725490197,0.6421568627450981,73.0,1.0,4.823529411764706
electronica,188,85.0,103.0,0.4521276595744681,0.5478723404255319,15.0,1.0,4.430851063829787
dance_pop,183,133.0,50.0,0.726775956284153,0.273224043715847,9.0,1.0,3.7540983606557377
psychedelic_rock,171,17.0,154.0,0.09941520467836257,0.9005847953216374,11.0,2.0,4.690058479532164
soft_rock,171,33.0,138.0,0.19298245614035087,0.8070175438596491,73.0,1.0,4.47953216374269
country_rock,164,23.0,141.0,0.1402439024390244,0.8597560975609756,11.0,1.0,4.378048780487805
classical,162,34.0,128.0,0.20987654320987653,0.7901234567901234,73.0,1.0,3.9814814814814814
post_punk,160,22.0,138.0,0.1375,0.8625,15.0,1.0,4.475
electric_blues,156,15.0,141.0,0.09615384615384616,0.9038461538461539,9.0,1.0,2.532051282051282
bluegrass,153,30.0,123.0,0.19607843137254902,0.803921568627451,12.0,1.0,3.7712418300653594
experimental,152,29.0,123.0,0.19078947368421054,0.8092105263157895,73.0,1.0,5.059210526315789
alternative_metal,148,14.0,134.0,0.0945945945945946,0.9054054054054054,12.0,1.0,4.95945945945946
alternative_country,147,46.0,101.0,0.3129251700680272,0.6870748299319728,10.0,1.0,3.7687074829931975
disco,147,88.0,59.0,0.5986394557823129,0.4013605442176871,73.0,1.0,5.061224489795919
acoustic,145,44.0,101.0,0.30344827586206896,0.696551724137931,11.0,1.0,3.7724137931034485
house,143,94.0,49.0,0.6573426573426573,0.34265734265734266,14.0,1.0,4.195804195804196
hardcore_punk,135,5.0,130.0,0.037037037037037035,0.9629629629629629,11.0,1.0,4.45925925925926
reggae,133,32.0,101.0,0.24060150375939848,0.7593984962406015,73.0,1.0,4.81203007518797
world,129,40.0,89.0,0.31007751937984496,0.689922480620155,11.0,1.0,4.2015503875969
rockabilly,129,10.0,119.0,0.07751937984496124,0.9224806201550387,14.0,1.0,4.062015503875969
electro_pop,123,83.0,40.0,0.6747967479674797,0.3252032520325203,10.0,1.0,3.910569105691057
experimental_rock,122,14.0,108.0,0.11475409836065574,0.8852459016393442,15.0,1.0,5.0
jazz_fusion,122,11.0,111.0,0.09016393442622951,0.9098360655737705,45.0,2.0,4.737704918032787
alternative,120,58.0,62.0,0.48333333333333334,0.5166666666666667,11.0,1.0,3.575
pop_punk,118,25.0,93.0,0.211864406779661,0.788135593220339,10.0,1.0,4.52542372881356
power_pop,115,17.0,98.0,0.14782608695652175,0.8521739130434782,10.0,1.0,3.973913043478261
art_rock,113,20.0,93.0,0.17699115044247787,0.8230088495575221,73.0,2.0,5.407079646017699
indie_folk,102,38.0,64.0,0.37254901960784315,0.6274509803921569,12.0,1.0,3.6470588235294117
blue_eyed_soul,99,19.0,80.0,0.1919191919191919,0.8080808080808081,73.0,1.0,5.0606060606060606
contemporary_christian,98,36.0,62.0,0.3673469387755102,0.6326530612244898,10.0,1.0,2.561224489795918
traditional_pop,98,52.0,46.0,0.5306122448979592,0.46938775510204084,8.0,1.0,3.0816326530612246
thrash_metal,98,3.0,95.0,0.030612244897959183,0.9693877551020408,12.0,1.0,4.377551020408164
indie,98,42.0,56.0,0.42857142857142855,0.5714285714285714,8.0,1.0,3.3469387755102042
contemporary,96,52.0,44.0,0.5416666666666666,0.4583333333333333,11.0,1.0,4.0
southern_rock,90,5.0,85.0,0.05555555555555555,0.9444444444444444,10.0,1.0,3.9444444444444446
post_hardcore,87,1.0,86.0,0.011494252873563218,0.9885057471264368,10.0,1.0,4.839080459770115
progressive_metal,87,2.0,85.0,0.022988505747126436,0.9770114942528736,9.0,1.0,4.264367816091954
glam_metal,85,6.0,79.0,0.07058823529411765,0.9294117647058824,15.0,1.0,3.6588235294117646
singer_songwriter,83,33.0,50.0,0.39759036144578314,0.6024096385542169,12.0,1.0,3.5060240963855422
nu_metal,82,5.0,77.0,0.06097560975609756,0.9390243902439024,15.0,2.0,5.2926829268292686
swing,80,17.0,63.0,0.2125,0.7875,45.0,2.0,4.225
alternative_hip_hop,78,5.0,73.0,0.0641025641025641,0.9358974358974359,8.0,1.0,3.128205128205128
country_blues,77,10.0,67.0,0.12987012987012986,0.8701298701298701,8.0,1.0,2.844155844155844
christian,76,25.0,51.0,0.32894736842105265,0.6710526315789473,12.0,1.0,2.776315789473684
chicago_blues,75,5.0,70.0,0.06666666666666667,0.9333333333333333,6.0,1.0,2.453333333333333
country_pop,74,40.0,34.0,0.5405405405405406,0.4594594594594595,9.0,1.0,2.9864864864864864
neo_soul,73,39.0,34.0,0.5342465753424658,0.4657534246575342,12.0,1.0,4.602739726027397
death_metal,71,1.0,70.0,0.014084507042253521,0.9859154929577465,12.0,1.0,4.056338028169014
trip_hop,70,45.0,25.0,0.6428571428571429,0.35714285714285715,13.0,2.0,4.3
vocal_jazz,69,56.0,13.0,0.8115942028985508,0.18840579710144928,9.0,1.0,2.927536231884058
gangsta_rap,68,2.0,66.0,0.029411764705882353,0.9705882352941176,7.0,1.0,3.1029411764705883
metalcore,66,4.0,62.0,0.06060606060606061,0.9393939393939394,12.0,1.0,4.787878787878788
post_grunge,66,8.0,58.0,0.12121212121212122,0.8787878787878788,12.0,2.0,4.666666666666667
grunge,65,17.0,48.0,0.26153846153846155,0.7384615384615385,13.0,2.0,4.630769230769231
garage_rock,64,10.0,54.0,0.15625,0.84375,10.0,1.0,4.515625
ambient,63,12.0,51.0,0.19047619047619047,0.8095238095238095,73.0,2.0,6.5396825396825395
power_metal,63,3.0,60.0,0.047619047619047616,0.9523809523809523,9.0,1.0,4.190476190476191
glam_rock,62,7.0,55.0,0.11290322580645161,0.8870967741935484,73.0,1.0,5.145161290322581
emo,62,2.0,60.0,0.03225806451612903,0.967741935483871,10.0,2.0,5.258064516129032
celtic,62,39.0,23.0,0.6290322580645161,0.3709677419354839,11.0,1.0,3.338709677419355
easy_listening,60,16.0,44.0,0.26666666666666666,0.7333333333333333,73.0,1.0,5.216666666666667
dream_pop,60,41.0,19.0,0.6833333333333333,0.31666666666666665,10.0,1.0,4.1
chanson,60,27.0,33.0,0.45,0.55,8.0,1.0,2.6333333333333333
lo_fi,58,13.0,45.0,0.22413793103448276,0.7758620689655172,73.0,2.0,5.948275862068965
trap,56,4.0,52.0,0.07142857142857142,0.9285714285714286,9.0,2.0,3.5535714285714284
roots_rock,56,8.0,48.0,0.14285714285714285,0.8571428571428571,12.0,1.0,4.767857142857143
avant_garde,52,12.0,40.0,0.23076923076923078,0.7692307692307693,14.0,1.0,4.769230769230769
musical,51,26.0,25.0,0.5098039215686274,0.49019607843137253,7.0,1.0,3.1372549019607843
texas_blues,51,7.0,44.0,0.13725490196078433,0.8627450980392157,9.0,1.0,3.0588235294117645
instrumental_rock,49,1.0,48.0,0.02040816326530612,0.9795918367346939,9.0,1.0,4.408163265306122
ska,49,4.0,45.0,0.08163265306122448,0.9183673469387755,14.0,1.0,5.0
soul_blues,49,11.0,38.0,0.22448979591836735,0.7755102040816326,9.0,1.0,3.2857142857142856
edm,47,25.0,22.0,0.5319148936170213,0.46808510638297873,10.0,1.0,4.340425531914893
schlager,46,29.0,17.0,0.6304347826086957,0.3695652173913043,10.0,1.0,2.782608695652174
industrial_metal,46,3.0,43.0,0.06521739130434782,0.9347826086956522,15.0,2.0,5.5
latin,46,17.0,29.0,0.3695652173913043,0.6304347826086957,12.0,2.0,4.826086956521739
noise_rock,46,3.0,43.0,0.06521739130434782,0.9347826086956522,11.0,1.0,4.130434782608695
new_age,44,18.0,26.0,0.4090909090909091,0.5909090909090909,73.0,1.0,6.363636363636363
opera,44,26.0,18.0,0.5909090909090909,0.4090909090909091,8.0,1.0,3.272727272727273
latin_pop,44,19.0,25.0,0.4318181818181818,0.5681818181818182,9.0,1.0,3.727272727272727
acoustic_rock,43,12.0,31.0,0.27906976744186046,0.7209302325581395,73.0,1.0,5.534883720930233
gothic_rock,43,14.0,29.0,0.32558139534883723,0.6744186046511628,11.0,1.0,5.0
ccm,42,25.0,17.0,0.5952380952380952,0.40476190476190477,6.0,1.0,3.0476190476190474
rap,42,9.0,33.0,0.21428571428571427,0.7857142857142857,9.0,1.0,2.8333333333333335
film,42,7.0,35.0,0.16666666666666666,0.8333333333333334,10.0,1.0,3.7857142857142856
electronic_rock,41,3.0,38.0,0.07317073170731707,0.926829268292683,73.0,2.0,7.390243902439025
roots,41,14.0,27.0,0.34146341463414637,0.6585365853658537,11.0,2.0,4.585365853658536
flamenco,41,3.0,38.0,0.07317073170731707,0.926829268292683,9.0,1.0,3.2439024390243905
punk,40,10.0,30.0,0.25,0.75,7.0,1.0,3.775
west_coast_hip_hop,40,1.0,39.0,0.025,0.975,6.0,1.0,2.775
industrial_rock,40,4.0,36.0,0.1,0.9,9.0,1.0,4.875
french_pop,39,17.0,22.0,0.4358974358974359,0.5641025641025641,6.0,1.0,3.0256410256410255
alternative_r_and_b,39,18.0,21.0,0.46153846153846156,0.5384615384615384,12.0,1.0,3.4871794871794872
folk_pop,39,22.0,17.0,0.5641025641025641,0.4358974358974359,9.0,1.0,3.717948717948718
outlaw_country,39,4.0,35.0,0.10256410256410256,0.8974358974358975,10.0,2.0,4.282051282051282
symphonic_metal,38,13.0,25.0,0.34210526315789475,0.6578947368421053,9.0,1.0,4.157894736842105
christian_rock,38,7.0,31.0,0.18421052631578946,0.8157894736842105,12.0,1.0,4.0
britpop,37,2.0,35.0,0.05405405405405406,0.9459459459459459,73.0,1.0,5.783783783783784
art_pop,37,20.0,17.0,0.5405405405405406,0.4594594594594595,73.0,1.0,6.297297297297297
east_coast_hip_hop,36,1.0,35.0,0.027777777777777776,0.9722222222222222,6.0,1.0,2.638888888888889
baroque_pop,36,13.0,23.0,0.3611111111111111,0.6388888888888888,73.0,2.0,6.166666666666667
speed_metal,36,1.0,35.0,0.027777777777777776,0.9722222222222222,12.0,2.0,4.444444444444445
western_swing,36,3.0,33.0,0.08333333333333333,0.9166666666666666,9.0,1.0,2.9444444444444446
groove_metal,35,1.0,34.0,0.02857142857142857,0.9714285714285714,12.0,2.0,5.314285714285714
industrial,35,8.0,27.0,0.22857142857142856,0.7714285714285715,15.0,1.0,5.0285714285714285
delta_blues,34,1.0,33.0,0.029411764705882353,0.9705882352941176,5.0,1.0,2.5588235294117645
psychedelic,33,7.0,26.0,0.21212121212121213,0.7878787878787878,9.0,1.0,4.393939393939394
rap_rock,33,2.0,31.0,0.06060606060606061,0.9393939393939394,10.0,2.0,5.303030303030303
hardcore_hip_hop,33,1.0,32.0,0.030303030303030304,0.9696969696969697,10.0,1.0,3.393939393939394
electro,32,15.0,17.0,0.46875,0.53125,9.0,2.0,4.4375
childrens,32,15.0,17.0,0.46875,0.53125,6.0,1.0,2.9375
piedmont_blues,31,2.0,29.0,0.06451612903225806,0.9354838709677419,5.0,1.0,2.4838709677419355
black_metal,30,1.0,29.0,0.03333333333333333,0.9666666666666667,10.0,1.0,4.266666666666667
old_time,30,7.0,23.0,0.23333333333333334,0.7666666666666667,11.0,1.0,2.8
gothic_metal,30,10.0,20.0,0.3333333333333333,0.6666666666666666,11.0,2.0,4.533333333333333
big_band,30,4.0,26.0,0.13333333333333333,0.8666666666666667,73.0,1.0,6.0
fusion,29,5.0,24.0,0.1724137931034483,0.8275862068965517,8.0,2.0,4.655172413793103
spoken_word,29,7.0,22.0,0.2413793103448276,0.7586206896551724,73.0,2.0,7.310344827586207
neo_psychedelic,29,4.0,25.0,0.13793103448275862,0.8620689655172413,9.0,2.0,4.931034482758621
melodic_death_metal,29,3.0,26.0,0.10344827586206896,0.896551724137931,12.0,1.0,4.517241379310345
southern_gospel,29,4.0,25.0,0.13793103448275862,0.8620689655172413,4.0,1.0,1.9655172413793103
freestyle,29,20.0,9.0,0.6896551724137931,0.3103448275862069,11.0,1.0,3.793103448275862
doo_wop,29,10.0,19.0,0.3448275862068966,0.6551724137931034,73.0,1.0,7.0
cabaret,28,19.0,9.0,0.6785714285714286,0.32142857142857145,12.0,1.0,3.5714285714285716
k_pop,28,7.0,21.0,0.25,0.75,7.0,1.0,3.142857142857143
funk_rock,28,1.0,27.0,0.03571428571428571,0.9642857142857143,13.0,2.0,5.964285714285714
doom_metal,28,2.0,26.0,0.07142857142857142,0.9285714285714286,11.0,2.0,5.571428571428571
honky_tonk,28,11.0,17.0,0.39285714285714285,0.6071428571428571,8.0,2.0,3.2142857142857144
hip_hop_soul,27,15.0,12.0,0.5555555555555556,0.4444444444444444,6.0,2.0,4.037037037037037
psychedelic_folk,27,11.0,16.0,0.4074074074074074,0.5925925925925926,7.0,2.0,3.888888888888889
southern_hip_hop,27,0.0,27.0,0.0,1.0,10.0,1.0,3.185185185185185
smooth_jazz,26,3.0,23.0,0.11538461538461539,0.8846153846153846,45.0,1.0,5.230769230769231
country_folk,25,15.0,10.0,0.6,0.4,9.0,1.0,4.72
new_jack_swing,25,12.0,13.0,0.48,0.52,13.0,2.0,4.64
post_rock,25,7.0,18.0,0.28,0.72,7.0,2.0,4.44
jump_blues,25,1.0,24.0,0.04,0.96,8.0,1.0,3.56
metal,24,2.0,22.0,0.08333333333333333,0.9166666666666666,9.0,1.0,4.416666666666667
dancehall,24,8.0,16.0,0.3333333333333333,0.6666666666666666,8.0,2.0,4.0
techno,23,10.0,13.0,0.43478260869565216,0.5652173913043478,14.0,1.0,4.826086956521739
bossa_nova,23,5.0,18.0,0.21739130434782608,0.782608695652174,45.0,1.0,5.391304347826087
comedy,23,6.0,17.0,0.2608695652173913,0.7391304347826086,12.0,1.0,3.9565217391304346
pop_rap,23,9.0,14.0,0.391304347826087,0.6086956521739131,7.0,1.0,3.782608695652174
acid_rock,23,1.0,22.0,0.043478260869565216,0.9565217391304348,11.0,3.0,5.608695652173913
classical_crossover,23,15.0,8.0,0.6521739130434783,0.34782608695652173,73.0,1.0,6.173913043478261
urban,23,12.0,11.0,0.5217391304347826,0.4782608695652174,10.0,2.0,4.608695652173913
rock_pop,23,5.0,18.0,0.21739130434782608,0.782608695652174,5.0,2.0,2.9565217391304346
underground_hip_hop,23,0.0,23.0,0.0,1.0,10.0,1.0,2.9565217391304346
eurodance,23,15.0,8.0,0.6521739130434783,0.34782608695652173,7.0,1.0,3.260869565217391
funk_metal,23,0.0,23.0,0.0,1.0,13.0,4.0,5.913043478260869
post_punk_revival,22,4.0,18.0,0.18181818181818182,0.8181818181818182,8.0,2.0,4.590909090909091
space_rock,22,3.0,19.0,0.13636363636363635,0.8636363636363636,10.0,2.0,5.045454545454546
post_disco,22,10.0,12.0,0.45454545454545453,0.5454545454545454,9.0,1.0,4.863636363636363
dub,22,1.0,21.0,0.045454545454545456,0.9545454545454546,15.0,2.0,5.2727272727272725
ska_punk,21,0.0,21.0,0.0,1.0,10.0,2.0,5.285714285714286
shoe_gaze,21,7.0,14.0,0.3333333333333333,0.6666666666666666,6.0,2.0,4.428571428571429
popular,21,10.0,11.0,0.47619047619047616,0.5238095238095238,5.0,1.0,2.6666666666666665
alternative_dance,21,5.0,16.0,0.23809523809523808,0.7619047619047619,9.0,3.0,5.095238095238095
proto_punk,21,2.0,19.0,0.09523809523809523,0.9047619047619048,11.0,2.0,4.761904761904762
hi_nrg,21,16.0,5.0,0.7619047619047619,0.23809523809523808,8.0,1.0,3.761904761904762
christian_metal,20,2.0,18.0,0.1,0.9,8.0,2.0,3.9
neoclassical_metal,20,2.0,18.0,0.1,0.9,8.0,3.0,4.7
classic_female_blues,20,20.0,0.0,1.0,0.0,3.0,1.0,1.65
worship,20,10.0,10.0,0.5,0.5,12.0,2.0,3.9
jazz_rock,20,1.0,19.0,0.05,0.95,7.0,1.0,3.95
cajun,19,3.0,16.0,0.15789473684210525,0.8421052631578947,12.0,1.0,4.894736842105263
teen_pop,19,9.0,10.0,0.47368421052631576,0.5263157894736842,73.0,2.0,6.842105263157895
horrorcore,19,0.0,19.0,0.0,1.0,10.0,1.0,3.789473684210526
mpb,19,2.0,17.0,0.10526315789473684,0.8947368421052632,11.0,1.0,5.315789473684211
christian_pop,19,11.0,8.0,0.5789473684210527,0.42105263157894735,5.0,1.0,2.6315789473684212
reggae_fusion,19,5.0,14.0,0.2631578947368421,0.7368421052631579,11.0,2.0,4.315789473684211
trance,19,13.0,6.0,0.6842105263157895,0.3157894736842105,10.0,2.0,4.368421052631579
western,18,2.0,16.0,0.1111111111111111,0.8888888888888888,12.0,1.0,4.333333333333333
dubstep,18,7.0,11.0,0.3888888888888889,0.6111111111111112,10.0,3.0,5.333333333333333
europop,18,8.0,10.0,0.4444444444444444,0.5555555555555556,73.0,1.0,7.444444444444445
horror_punk,18,1.0,17.0,0.05555555555555555,0.9444444444444444,11.0,2.0,4.888888888888889
psychedelic_pop,18,4.0,14.0,0.2222222222222222,0.7777777777777778,73.0,2.0,8.333333333333334
boogie_woogie,18,2.0,16.0,0.1111111111111111,0.8888888888888888,7.0,2.0,3.888888888888889
melodic_hardcore,18,2.0,16.0,0.1111111111111111,0.8888888888888888,8.0,3.0,5.0
skate_punk,18,0.0,18.0,0.0,1.0,10.0,2.0,5.222222222222222
heartland_rock,18,2.0,16.0,0.1111111111111111,0.8888888888888888,10.0,2.0,5.111111111111111
instrumental,17,2.0,15.0,0.11764705882352941,0.8823529411764706,8.0,2.0,3.764705882352941
free_jazz,17,3.0,14.0,0.17647058823529413,0.8235294117647058,45.0,2.0,7.0
folk_punk,17,0.0,17.0,0.0,1.0,8.0,2.0,4.705882352941177
vocal,17,11.0,6.0,0.6470588235294118,0.35294117647058826,8.0,2.0,4.411764705882353
vaudeville,17,8.0,9.0,0.47058823529411764,0.5294117647058824,4.0,1.0,2.7058823529411766
southern_soul,17,7.0,10.0,0.4117647058823529,0.5882352941176471,12.0,1.0,4.352941176470588
a_cappella,17,5.0,12.0,0.29411764705882354,0.7058823529411765,8.0,1.0,3.176470588235294
christian_hip_hop,17,2.0,15.0,0.11764705882352941,0.8823529411764706,6.0,1.0,2.588235294117647
opera_pop,17,8.0,9.0,0.47058823529411764,0.5294117647058824,7.0,1.0,3.411764705882353
alternative_pop,17,11.0,6.0,0.6470588235294118,0.35294117647058826,8.0,1.0,3.2941176470588234
stoner_rock,17,1.0,16.0,0.058823529411764705,0.9411764705882353,9.0,1.0,4.588235294117647
broadway,17,12.0,5.0,0.7058823529411765,0.29411764705882354,8.0,1.0,4.0588235294117645
satire,16,3.0,13.0,0.1875,0.8125,12.0,2.0,5.6875
down_tempo,16,7.0,9.0,0.4375,0.5625,73.0,3.0,9.4375
observational_comedy,16,2.0,14.0,0.125,0.875,12.0,2.0,5.5
acid_jazz,16,5.0,11.0,0.3125,0.6875,45.0,2.0,8.0625
art_punk,15,1.0,14.0,0.06666666666666667,0.9333333333333333,10.0,2.0,5.866666666666666
comedy_rock,15,0.0,15.0,0.0,1.0,73.0,1.0,9.6
classic_rock,15,2.0,13.0,0.13333333333333333,0.8666666666666667,9.0,1.0,4.266666666666667
emo_pop,15,2.0,13.0,0.13333333333333333,0.8666666666666667,10.0,3.0,5.933333333333334
technical_death_metal,15,0.0,15.0,0.0,1.0,9.0,2.0,4.266666666666667
shock_rock,15,2.0,13.0,0.13333333333333333,0.8666666666666667,10.0,3.0,4.733333333333333
grime,15,8.0,7.0,0.5333333333333333,0.4666666666666667,7.0,2.0,4.0
anti_folk,15,8.0,7.0,0.5333333333333333,0.4666666666666667,6.0,2.0,3.6666666666666665
dansband,15,9.0,6.0,0.6,0.4,6.0,1.0,3.0
salsa,15,3.0,12.0,0.2,0.8,9.0,1.0,3.533333333333333
neotraditional_country,15,4.0,11.0,0.26666666666666666,0.7333333333333333,9.0,1.0,3.1333333333333333
jangle_pop,15,5.0,10.0,0.3333333333333333,0.6666666666666666,73.0,2.0,9.0
jazz_funk,14,2.0,12.0,0.14285714285714285,0.8571428571428571,45.0,3.0,7.857142857142857
avant_garde_rock,14,2.0,12.0,0.14285714285714285,0.8571428571428571,8.0,1.0,4.214285714285714
shoegaze,14,5.0,9.0,0.35714285714285715,0.6428571428571429,7.0,3.0,4.571428571428571
contemporary_classical,14,5.0,9.0,0.35714285714285715,0.6428571428571429,10.0,1.0,4.142857142857143
dance_rock,14,4.0,10.0,0.2857142857142857,0.7142857142857143,10.0,3.0,5.571428571428571
drum_and_bass,14,5.0,9.0,0.35714285714285715,0.6428571428571429,13.0,1.0,5.428571428571429
uk_garage,14,12.0,2.0,0.8571428571428571,0.14285714285714285,6.0,1.0,3.7857142857142856
musical_comedy,14,3.0,11.0,0.21428571428571427,0.7857142857142857,8.0,1.0,5.428571428571429
outsider,14,0.0,14.0,0.0,1.0,11.0,1.0,4.5
ragtime,14,1.0,13.0,0.07142857142857142,0.9285714285714286,8.0,2.0,4.285714285714286
indietronica,14,5.0,9.0,0.35714285714285715,0.6428571428571429,15.0,2.0,5.357142857142857
swamp_rock,14,2.0,12.0,0.14285714285714285,0.8571428571428571,12.0,2.0,6.214285714285714
avant_garde_jazz,13,6.0,7.0,0.46153846153846156,0.5384615384615384,45.0,1.0,6.3076923076923075
sludge_metal,13,0.0,13.0,0.0,1.0,15.0,3.0,5.6923076923076925
aor,13,5.0,8.0,0.38461538461538464,0.6153846153846154,6.0,3.0,4.230769230769231
tejano,13,3.0,10.0,0.23076923076923078,0.7692307692307693,6.0,1.0,3.3846153846153846
bolero,13,2.0,11.0,0.15384615384615385,0.8461538461538461,5.0,1.0,3.769230769230769
rap_metal,13,0.0,13.0,0.0,1.0,9.0,2.0,5.3076923076923075
electro_house,13,5.0,8.0,0.38461538461538464,0.6153846153846154,9.0,3.0,5.538461538461538
lovers_rock,13,8.0,5.0,0.6153846153846154,0.38461538461538464,6.0,1.0,2.769230769230769
latin_jazz,13,3.0,10.0,0.23076923076923078,0.7692307692307693,45.0,3.0,7.3076923076923075
neo_folk,13,5.0,8.0,0.38461538461538464,0.6153846153846154,8.0,2.0,4.6923076923076925
grindcore,12,0.0,12.0,0.0,1.0,15.0,2.0,6.0
world_beat,12,3.0,9.0,0.25,0.75,6.0,2.0,3.8333333333333335
hawaiianan,12,2.0,10.0,0.16666666666666666,0.8333333333333334,8.0,1.0,2.8333333333333335
crossover_thrash,12,0.0,12.0,0.0,1.0,10.0,1.0,5.25
texas_country,12,0.0,12.0,0.0,1.0,10.0,1.0,3.8333333333333335
reggaeton,12,3.0,9.0,0.25,0.75,9.0,1.0,4.25
irish_traditional,12,8.0,4.0,0.6666666666666666,0.3333333333333333,5.0,1.0,3.3333333333333335
novelty,12,0.0,12.0,0.0,1.0,73.0,1.0,8.416666666666666
samba,12,1.0,11.0,0.08333333333333333,0.9166666666666666,8.0,1.0,3.6666666666666665
celtic_rock,12,1.0,11.0,0.08333333333333333,0.9166666666666666,7.0,1.0,3.75
garage_punk,12,2.0,10.0,0.16666666666666666,0.8333333333333334,6.0,1.0,4.166666666666667
guaracha,12,2.0,10.0,0.16666666666666666,0.8333333333333334,5.0,2.0,4.0
hyphy,12,0.0,12.0,0.0,1.0,5.0,2.0,3.0
glam_punk,12,2.0,10.0,0.16666666666666666,0.8333333333333334,7.0,1.0,4.166666666666667
chamber_pop,11,3.0,8.0,0.2727272727272727,0.7272727272727273,73.0,2.0,10.363636363636363
soul_jazz,11,0.0,11.0,0.0,1.0,45.0,2.0,8.0
soundtrack,11,1.0,10.0,0.09090909090909091,0.9090909090909091,73.0,1.0,9.818181818181818
extreme_metal,11,0.0,11.0,0.0,1.0,8.0,1.0,4.090909090909091
gypsy_jazz,11,0.0,11.0,0.0,1.0,45.0,1.0,6.818181818181818
detroit_blues,11,1.0,10.0,0.09090909090909091,0.9090909090909091,3.0,1.0,2.272727272727273
surf_rock,11,1.0,10.0,0.09090909090909091,0.9090909090909091,73.0,2.0,10.272727272727273
dark_wave,11,3.0,8.0,0.2727272727272727,0.7272727272727273,15.0,2.0,5.181818181818182
folktronica,11,4.0,7.0,0.36363636363636365,0.6363636363636364,6.0,2.0,3.727272727272727
inspirational,11,6.0,5.0,0.5454545454545454,0.45454545454545453,10.0,1.0,3.5454545454545454
g_funk,11,0.0,11.0,0.0,1.0,6.0,2.0,3.909090909090909
avant_garde_metal,11,0.0,11.0,0.0,1.0,15.0,2.0,5.909090909090909
rocksteady,10,0.0,10.0,0.0,1.0,8.0,3.0,4.2
drone,10,1.0,9.0,0.1,0.9,7.0,3.0,4.1
punk_blues,10,2.0,8.0,0.2,0.8,7.0,2.0,4.4
contemporary_r_and_b,10,7.0,3.0,0.7,0.3,11.0,2.0,4.2
symphonic_rock,10,2.0,8.0,0.2,0.8,9.0,3.0,4.9
bhangra,10,3.0,7.0,0.3,0.7,6.0,1.0,2.4
electroclash,10,8.0,2.0,0.8,0.2,5.0,1.0,3.6
swamp_pop,10,1.0,9.0,0.1,0.9,5.0,1.0,2.8
free_improvisation,10,2.0,8.0,0.2,0.8,45.0,1.0,8.3
freak_folk,10,5.0,5.0,0.5,0.5,11.0,3.0,5.3
psychedelic_soul,10,2.0,8.0,0.2,0.8,12.0,3.0,5.5
cool_jazz,10,4.0,6.0,0.4,0.6,45.0,2.0,7.6
nu_disco,10,3.0,7.0,0.3,0.7,7.0,2.0,4.6
idm,10,2.0,8.0,0.2,0.8,9.0,3.0,5.8
noise,9,3.0,6.0,0.3333333333333333,0.6666666666666666,15.0,3.0,6.666666666666667
dance_punk,9,2.0,7.0,0.2222222222222222,0.7777777777777778,13.0,2.0,5.333333333333333
hip_house,9,4.0,5.0,0.4444444444444444,0.5555555555555556,9.0,3.0,5.555555555555555
cumbia,9,0.0,9.0,0.0,1.0,12.0,3.0,5.888888888888889
electro_acoustic,9,3.0,6.0,0.3333333333333333,0.6666666666666666,9.0,2.0,4.333333333333333
protest,9,1.0,8.0,0.1111111111111111,0.8888888888888888,8.0,2.0,4.222222222222222
melodic_rock,9,2.0,7.0,0.2222222222222222,0.7777777777777778,9.0,2.0,3.7777777777777777
boogie_rock,9,0.0,9.0,0.0,1.0,10.0,3.0,4.777777777777778
crunk,9,2.0,7.0,0.2222222222222222,0.7777777777777778,5.0,2.0,3.111111111111111
ameripolitan,9,4.0,5.0,0.4444444444444444,0.5555555555555556,8.0,2.0,4.111111111111111
garage_rock_revival,9,0.0,9.0,0.0,1.0,7.0,2.0,3.7777777777777777
political_hip_hop,9,0.0,9.0,0.0,1.0,8.0,2.0,4.444444444444445
bebop,9,3.0,6.0,0.3333333333333333,0.6666666666666666,45.0,3.0,8.777777777777779
jam_rock,9,1.0,8.0,0.1111111111111111,0.8888888888888888,8.0,3.0,5.333333333333333
slowcore,9,1.0,8.0,0.1111111111111111,0.8888888888888888,6.0,2.0,3.888888888888889
progressive,9,1.0,8.0,0.1111111111111111,0.8888888888888888,13.0,2.0,4.666666666666667
folk_blues,9,0.0,9.0,0.0,1.0,5.0,1.0,3.0
experimental_pop,9,4.0,5.0,0.4444444444444444,0.5555555555555556,7.0,1.0,4.444444444444445
dark_cabaret,9,7.0,2.0,0.7777777777777778,0.2222222222222222,9.0,1.0,4.888888888888889
irish_folk,9,3.0,6.0,0.3333333333333333,0.6666666666666666,6.0,1.0,2.6666666666666665
latin_rock,9,0.0,9.0,0.0,1.0,14.0,3.0,6.111111111111111
nu_jazz,9,4.0,5.0,0.4444444444444444,0.5555555555555556,45.0,2.0,9.555555555555555
trova,9,0.0,9.0,0.0,1.0,5.0,1.0,3.111111111111111
calypso,9,1.0,8.0,0.1111111111111111,0.8888888888888888,11.0,4.0,6.888888888888889
son_cubano,9,0.0,9.0,0.0,1.0,6.0,1.0,3.5555555555555554
ragga,9,2.0,7.0,0.2222222222222222,0.7777777777777778,6.0,2.0,3.4444444444444446
louisiana_blues,9,1.0,8.0,0.1111111111111111,0.8888888888888888,7.0,1.0,3.0
traditional_irish,9,6.0,3.0,0.6666666666666666,0.3333333333333333,5.0,2.0,2.888888888888889
cloud_rap,9,0.0,9.0,0.0,1.0,10.0,2.0,4.777777777777778
psychobilly,9,1.0,8.0,0.1111111111111111,0.8888888888888888,7.0,3.0,4.666666666666667
sophisti_pop,8,1.0,7.0,0.125,0.875,7.0,3.0,4.75
dixieland,8,3.0,5.0,0.375,0.625,45.0,2.0,8.75
beat,8,1.0,7.0,0.125,0.875,5.0,1.0,2.75
contemporary_worship,8,0.0,8.0,0.0,1.0,4.0,1.0,2.125
boogie,8,2.0,6.0,0.25,0.75,8.0,3.0,5.125
mumble_rap,8,0.0,8.0,0.0,1.0,6.0,2.0,3.625
garage,8,3.0,5.0,0.375,0.625,6.0,3.0,4.25
tex_mex,8,0.0,8.0,0.0,1.0,10.0,3.0,6.875
urban_contemporary,8,5.0,3.0,0.625,0.375,6.0,1.0,3.875
brazilian_rock,8,0.0,8.0,0.0,1.0,11.0,3.0,5.75
electro_punk,8,1.0,7.0,0.125,0.875,10.0,3.0,7.0
experimental_hip_hop,8,1.0,7.0,0.125,0.875,6.0,3.0,4.375
urban_contemporary_gospel,8,4.0,4.0,0.5,0.5,5.0,2.0,4.0
british_folk_rock,8,2.0,6.0,0.25,0.75,4.0,1.0,2.75
pub_rock,8,0.0,8.0,0.0,1.0,5.0,1.0,3.0
bakersfield_sound,8,0.0,8.0,0.0,1.0,9.0,2.0,4.875
nashville_sound,8,7.0,1.0,0.875,0.125,5.0,2.0,3.0
contemporary_folk,8,5.0,3.0,0.625,0.375,6.0,1.0,3.625
blue_comedy,8,2.0,6.0,0.25,0.75,8.0,3.0,5.375
lounge,8,4.0,4.0,0.5,0.5,73.0,2.0,12.75
progressive_bluegrass,8,0.0,8.0,0.0,1.0,8.0,1.0,3.875
regional_mexican,8,1.0,7.0,0.125,0.875,5.0,1.0,2.375
show_tunes,8,3.0,5.0,0.375,0.625,6.0,2.0,2.875
red_dirt,8,0.0,8.0,0.0,1.0,7.0,1.0,3.375
dark_ambient,8,0.0,8.0,0.0,1.0,15.0,3.0,6.375
american_primitive_guitar,8,0.0,8.0,0.0,1.0,6.0,2.0,3.75
parody,8,3.0,5.0,0.375,0.625,6.0,2.0,3.75
reggae_rock,8,1.0,7.0,0.125,0.875,10.0,4.0,6.875
math_rock,8,0.0,8.0,0.0,1.0,7.0,2.0,4.0
mathcore,8,0.0,8.0,0.0,1.0,7.0,2.0,5.375
afrobeat,8,3.0,5.0,0.375,0.625,45.0,2.0,9.75
country_and_western,8,1.0,7.0,0.125,0.875,6.0,1.0,3.75
west_coast_blues,7,0.0,7.0,0.0,1.0,6.0,2.0,3.5714285714285716
deathrock,7,2.0,5.0,0.2857142857142857,0.7142857142857143,11.0,4.0,6.285714285714286
minneapolis_sound,7,5.0,2.0,0.7142857142857143,0.2857142857142857,11.0,6.0,7.0
surf,7,0.0,7.0,0.0,1.0,12.0,3.0,5.714285714285714
jazz_pop,7,3.0,4.0,0.42857142857142855,0.5714285714285714,7.0,2.0,3.5714285714285716
memphis_blues,7,1.0,6.0,0.14285714285714285,0.8571428571428571,6.0,1.0,2.4285714285714284
mandopop,7,1.0,6.0,0.14285714285714285,0.8571428571428571,5.0,1.0,3.0
show_tuness,7,3.0,4.0,0.42857142857142855,0.5714285714285714,8.0,2.0,5.285714285714286
swamp_blues,7,1.0,6.0,0.14285714285714285,0.8571428571428571,7.0,1.0,3.142857142857143
celtic_punk,7,0.0,7.0,0.0,1.0,6.0,2.0,4.142857142857143
ballads,7,3.0,4.0,0.42857142857142855,0.5714285714285714,5.0,2.0,3.5714285714285716
country_rap,7,0.0,7.0,0.0,1.0,7.0,1.0,3.2857142857142856
northern_soul,7,5.0,2.0,0.7142857142857143,0.2857142857142857,5.0,2.0,3.142857142857143
anarcho_punk,7,4.0,3.0,0.5714285714285714,0.42857142857142855,4.0,1.0,2.7142857142857144
gospel_blues,7,2.0,5.0,0.2857142857142857,0.7142857142857143,6.0,1.0,3.0
pop_folk,7,3.0,4.0,0.42857142857142855,0.5714285714285714,3.0,1.0,1.8571428571428572
new_flamenco,7,0.0,7.0,0.0,1.0,5.0,3.0,4.142857142857143
tribute,7,6.0,1.0,0.8571428571428571,0.14285714285714285,73.0,2.0,13.428571428571429
screamo,7,0.0,7.0,0.0,1.0,8.0,5.0,6.285714285714286
bubblegum_pop,7,2.0,5.0,0.2857142857142857,0.7142857142857143,73.0,2.0,13.857142857142858
jam,7,0.0,7.0,0.0,1.0,7.0,4.0,5.428571428571429
independent,7,2.0,5.0,0.2857142857142857,0.7142857142857143,12.0,1.0,3.5714285714285716
english_folk,7,4.0,3.0,0.5714285714285714,0.42857142857142855,5.0,1.0,2.142857142857143
pop_standards,7,1.0,6.0,0.14285714285714285,0.8571428571428571,7.0,2.0,3.4285714285714284
riot_grrrl,7,6.0,1.0,0.8571428571428571,0.14285714285714285,5.0,2.0,2.857142857142857
mariachi,7,3.0,4.0,0.42857142857142855,0.5714285714285714,12.0,2.0,5.714285714285714
black_comedy,7,3.0,4.0,0.42857142857142855,0.5714285714285714,8.0,4.0,6.0
progressive_house,7,1.0,6.0,0.14285714285714285,0.8571428571428571,9.0,3.0,5.142857142857143
sketch_comedy,7,1.0,6.0,0.14285714285714285,0.8571428571428571,7.0,5.0,5.714285714285714
avant_garde_pop,7,3.0,4.0,0.42857142857142855,0.5714285714285714,5.0,1.0,3.7142857142857144
deep_house,7,4.0,3.0,0.5714285714285714,0.42857142857142855,13.0,4.0,7.0
post_bop,7,3.0,4.0,0.42857142857142855,0.5714285714285714,45.0,2.0,9.571428571428571
comedy_hip_hop,7,0.0,7.0,0.0,1.0,6.0,3.0,4.428571428571429
american_folk,7,2.0,5.0,0.2857142857142857,0.7142857142857143,7.0,1.0,3.5714285714285716
noise_pop,6,5.0,1.0,0.8333333333333334,0.16666666666666666,9.0,1.0,4.166666666666667
no_wave,6,2.0,4.0,0.3333333333333333,0.6666666666666666,8.0,3.0,5.166666666666667
insult_comedy,6,2.0,4.0,0.3333333333333333,0.6666666666666666,8.0,3.0,5.666666666666667
deathcore,6,2.0,4.0,0.3333333333333333,0.6666666666666666,9.0,2.0,5.5
british_blues,6,0.0,6.0,0.0,1.0,7.0,1.0,4.333333333333333
piano_rock,6,0.0,6.0,0.0,1.0,6.0,4.0,5.166666666666667
arena_rock,6,0.0,6.0,0.0,1.0,73.0,4.0,16.666666666666668
klezmer,6,1.0,5.0,0.16666666666666666,0.8333333333333334,10.0,2.0,6.666666666666667
torch,6,6.0,0.0,1.0,0.0,6.0,1.0,3.5
cowpunk,6,1.0,5.0,0.16666666666666666,0.8333333333333334,8.0,4.0,5.166666666666667
skiffle,6,0.0,6.0,0.0,1.0,5.0,2.0,3.5
world_fusion,6,1.0,5.0,0.16666666666666666,0.8333333333333334,73.0,2.0,15.166666666666666
countrypolitan,6,0.0,6.0,0.0,1.0,7.0,2.0,3.3333333333333335
afro_cuban_jazz,6,0.0,6.0,0.0,1.0,45.0,2.0,10.666666666666666
acoustic_blues,6,0.0,6.0,0.0,1.0,8.0,1.0,4.0
modern_rock,6,2.0,4.0,0.3333333333333333,0.6666666666666666,7.0,2.0,3.8333333333333335
son,6,1.0,5.0,0.16666666666666666,0.8333333333333334,5.0,1.0,3.3333333333333335
spiritual,6,3.0,3.0,0.5,0.5,5.0,1.0,3.5
j_pop,6,2.0,4.0,0.3333333333333333,0.6666666666666666,7.0,1.0,3.8333333333333335
jam_band,6,0.0,6.0,0.0,1.0,6.0,2.0,3.8333333333333335
polka,6,1.0,5.0,0.16666666666666666,0.8333333333333334,10.0,2.0,6.166666666666667
chicago_soul,6,0.0,6.0,0.0,1.0,6.0,3.0,4.166666666666667
theater,6,2.0,4.0,0.3333333333333333,0.6666666666666666,8.0,2.0,4.666666666666667
traditional,6,4.0,2.0,0.6666666666666666,0.3333333333333333,5.0,2.0,3.3333333333333335
neoclassical,6,2.0,4.0,0.3333333333333333,0.6666666666666666,7.0,3.0,4.833333333333333
nasheed,6,0.0,6.0,0.0,1.0,7.0,2.0,4.166666666666667
2_tone,6,0.0,6.0,0.0,1.0,9.0,2.0,4.5
italo_disco,6,4.0,2.0,0.6666666666666666,0.3333333333333333,3.0,1.0,2.1666666666666665
third_wave_ska,5,1.0,4.0,0.2,0.8,8.0,2.0,4.0
new_acoustic,5,0.0,5.0,0.0,1.0,6.0,2.0,4.0
orchestral,5,0.0,5.0,0.0,1.0,4.0,2.0,3.2
character_comedy,5,3.0,2.0,0.6,0.4,12.0,5.0,7.0
jazz_blues,5,3.0,2.0,0.6,0.4,11.0,4.0,6.6
crossover,5,2.0,3.0,0.4,0.6,6.0,2.0,3.2
rapcore,5,0.0,5.0,0.0,1.0,10.0,6.0,7.6
zydeco,5,1.0,4.0,0.2,0.8,10.0,1.0,4.8
tropical,5,0.0,5.0,0.0,1.0,8.0,2.0,5.2
club,5,4.0,1.0,0.8,0.2,9.0,3.0,4.8
music_hall,5,2.0,3.0,0.4,0.6,6.0,1.0,3.2
hypnagogic_pop,5,1.0,4.0,0.2,0.8,6.0,3.0,4.2
rock_en_español,5,2.0,3.0,0.4,0.6,8.0,1.0,5.0
british_soul,5,3.0,2.0,0.6,0.4,6.0,3.0,4.4
tango,5,0.0,5.0,0.0,1.0,4.0,2.0,3.2
post_metal,5,0.0,5.0,0.0,1.0,7.0,3.0,5.4
pop_soul,5,4.0,1.0,0.8,0.2,5.0,2.0,3.6
sunshine_pop,5,2.0,3.0,0.4,0.6,73.0,1.0,16.6
southern_metal,5,0.0,5.0,0.0,1.0,6.0,4.0,4.8
symphonic_black_metal,5,1.0,4.0,0.2,0.8,7.0,3.0,4.8
cantopop,5,0.0,5.0,0.0,1.0,5.0,1.0,2.6
neo_progressive_rock,5,0.0,5.0,0.0,1.0,6.0,4.0,4.8
pop_dance,5,3.0,2.0,0.6,0.4,4.0,2.0,2.8
smooth_soul,5,2.0,3.0,0.4,0.6,6.0,5.0,5.2
jewish,5,2.0,3.0,0.4,0.6,4.0,1.0,2.6
folk_metal,5,1.0,4.0,0.2,0.8,7.0,3.0,5.4
classical_guitar,5,0.0,5.0,0.0,1.0,6.0,1.0,2.0
yé_yé,5,4.0,1.0,0.8,0.2,6.0,1.0,3.4
french_hip_hop,5,1.0,4.0,0.2,0.8,3.0,1.0,1.8
breakbeat,5,1.0,4.0,0.2,0.8,73.0,3.0,18.0
bachata,5,1.0,4.0,0.2,0.8,5.0,3.0,3.6
jazz_rap,5,0.0,5.0,0.0,1.0,45.0,2.0,13.8
chicano_rock,5,0.0,5.0,0.0,1.0,7.0,2.0,5.0
bengali,5,4.0,1.0,0.8,0.2,7.0,1.0,4.4
music,5,3.0,2.0,0.6,0.4,12.0,2.0,5.4
drill,5,0.0,5.0,0.0,1.0,6.0,3.0,3.8
christian_r_and_b,5,3.0,2.0,0.6,0.4,5.0,3.0,4.6
old_school_hip_hop,5,0.0,5.0,0.0,1.0,6.0,1.0,3.2
brazilian_jazz,5,0.0,5.0,0.0,1.0,4.0,2.0,2.4
electro_industrial,5,1.0,4.0,0.2,0.8,7.0,1.0,4.6
canadian_blues,5,0.0,5.0,0.0,1.0,4.0,2.0,3.0
stoner_metal,5,0.0,5.0,0.0,1.0,5.0,3.0,4.2
christian_country,5,2.0,3.0,0.4,0.6,10.0,2.0,5.2
oi!,5,0.0,5.0,0.0,1.0,5.0,2.0,3.8
surreal_humiddle_of_the_road,5,1.0,4.0,0.2,0.8,7.0,6.0,6.2
hard_bop,5,1.0,4.0,0.2,0.8,45.0,4.0,13.0
soul_rock,5,3.0,2.0,0.6,0.4,4.0,2.0,3.2
australian_rock,4,0.0,4.0,0.0,1.0,4.0,2.0,3.0
hindi,4,3.0,1.0,0.75,0.25,8.0,5.0,6.5
battle_rap,4,0.0,4.0,0.0,1.0,2.0,2.0,2.0
samba_rock,4,0.0,4.0,0.0,1.0,10.0,4.0,5.5
hill_country_blues,4,0.0,4.0,0.0,1.0,3.0,1.0,1.75
electronicore,4,0.0,4.0,0.0,1.0,6.0,4.0,5.0
songwriter,4,1.0,3.0,0.25,0.75,6.0,1.0,3.25
euro_disco,4,0.0,4.0,0.0,1.0,5.0,1.0,3.25
chamber_folk,4,4.0,0.0,1.0,0.0,5.0,2.0,3.0
gulf_and_western,4,0.0,4.0,0.0,1.0,8.0,4.0,5.0
kirtan,4,0.0,4.0,0.0,1.0,3.0,1.0,2.5
burlesque,4,3.0,1.0,0.75,0.25,6.0,3.0,5.0
neue_deutsche_härte,4,0.0,4.0,0.0,1.0,3.0,1.0,1.75
hardcore,4,0.0,4.0,0.0,1.0,3.0,2.0,2.25
big_beat,4,0.0,4.0,0.0,1.0,8.0,1.0,4.5
new_mexico,4,1.0,3.0,0.25,0.75,12.0,1.0,5.75
dark_pop,4,3.0,1.0,0.75,0.25,15.0,1.0,6.5
minimalism,4,0.0,4.0,0.0,1.0,9.0,1.0,4.75
norteño,4,0.0,4.0,0.0,1.0,12.0,3.0,7.0
death_doom,4,0.0,4.0,0.0,1.0,7.0,3.0,4.75
traditional_black_gospel,4,3.0,1.0,0.75,0.25,5.0,3.0,4.25
raï,4,2.0,2.0,0.5,0.5,4.0,1.0,1.75
post_britpop,4,0.0,4.0,0.0,1.0,7.0,3.0,5.0
roots_reggae,4,1.0,3.0,0.25,0.75,6.0,1.0,4.0
chillout,4,3.0,1.0,0.75,0.25,13.0,5.0,7.5
quiet_storm,4,2.0,2.0,0.5,0.5,6.0,4.0,4.75
middle_eastern,4,0.0,4.0,0.0,1.0,9.0,3.0,5.25
east_coast_blues,4,0.0,4.0,0.0,1.0,5.0,2.0,3.5
mafioso_rap,4,0.0,4.0,0.0,1.0,3.0,2.0,2.5
progressive_folk,4,0.0,4.0,0.0,1.0,6.0,3.0,4.5
improvised,4,1.0,3.0,0.25,0.75,8.0,3.0,4.25
space,4,2.0,2.0,0.5,0.5,13.0,3.0,7.25
alternative_folk,4,2.0,2.0,0.5,0.5,8.0,1.0,3.75
chillwave,4,0.0,4.0,0.0,1.0,6.0,2.0,4.0
crooner,4,2.0,2.0,0.5,0.5,5.0,1.0,3.0
música_popular_brasileira,4,0.0,4.0,0.0,1.0,4.0,1.0,2.5
rock_opera,4,1.0,3.0,0.25,0.75,4.0,4.0,4.0
brazilian,4,2.0,2.0,0.5,0.5,6.0,3.0,4.0
christian_alternative_rock,4,0.0,4.0,0.0,1.0,7.0,2.0,3.75
folk_baroque,4,0.0,4.0,0.0,1.0,5.0,2.0,3.25
islamic,4,0.0,4.0,0.0,1.0,5.0,3.0,4.0
hardcore_rap,4,0.0,4.0,0.0,1.0,6.0,3.0,4.0
exotica,4,3.0,1.0,0.75,0.25,6.0,3.0,4.5
soca,4,1.0,3.0,0.25,0.75,8.0,2.0,4.5
zouk,4,3.0,1.0,0.75,0.25,7.0,1.0,3.25
merengue,4,2.0,2.0,0.5,0.5,5.0,1.0,2.0
jesus,4,0.0,4.0,0.0,1.0,6.0,2.0,3.75
traditional_popular,4,1.0,3.0,0.25,0.75,3.0,2.0,2.5
sea_shanties,4,0.0,4.0,0.0,1.0,6.0,3.0,4.25
yacht_rock,3,1.0,2.0,0.3333333333333333,0.6666666666666666,6.0,3.0,4.333333333333333
go_go,3,1.0,2.0,0.3333333333333333,0.6666666666666666,7.0,2.0,4.666666666666667
mod_revival,3,0.0,3.0,0.0,1.0,6.0,3.0,4.333333333333333
contemporary_blues,3,0.0,3.0,0.0,1.0,3.0,2.0,2.6666666666666665
dirty_rap,3,0.0,3.0,0.0,1.0,5.0,3.0,4.333333333333333
spanish,3,1.0,2.0,0.3333333333333333,0.6666666666666666,4.0,2.0,3.0
traditional_jazz,3,0.0,3.0,0.0,1.0,45.0,4.0,18.666666666666668
american,3,2.0,1.0,0.6666666666666666,0.3333333333333333,5.0,1.0,3.6666666666666665
musician,3,0.0,3.0,0.0,1.0,4.0,2.0,2.6666666666666665
progressive_pop,3,0.0,3.0,0.0,1.0,73.0,4.0,27.0
emo_rap,3,0.0,3.0,0.0,1.0,7.0,4.0,5.333333333333333
improvisational_comedy,3,1.0,2.0,0.3333333333333333,0.6666666666666666,12.0,1.0,5.666666666666667
desert_rock,3,0.0,3.0,0.0,1.0,7.0,4.0,5.666666666666667
country_comedy,3,0.0,3.0,0.0,1.0,4.0,3.0,3.6666666666666665
christian_edm,3,3.0,0.0,1.0,0.0,2.0,2.0,2.0
musique_concrete,3,0.0,3.0,0.0,1.0,73.0,6.0,29.333333333333332
uk_funky,3,3.0,0.0,1.0,0.0,5.0,3.0,4.0
indie_punk,3,0.0,3.0,0.0,1.0,4.0,4.0,4.0
video_game,3,1.0,2.0,0.3333333333333333,0.6666666666666666,73.0,4.0,27.666666666666668
punk_rap,3,0.0,3.0,0.0,1.0,6.0,4.0,5.0
motown,3,3.0,0.0,1.0,0.0,5.0,3.0,4.333333333333333
pop_jazz,3,0.0,3.0,0.0,1.0,4.0,3.0,3.3333333333333335
tulsa_sound,3,0.0,3.0,0.0,1.0,12.0,5.0,8.0
symphonic_power_metal,3,0.0,3.0,0.0,1.0,5.0,1.0,2.6666666666666665
bedroom_pop,3,1.0,2.0,0.3333333333333333,0.6666666666666666,73.0,5.0,27.666666666666668
ranchera,3,0.0,3.0,0.0,1.0,12.0,4.0,7.0
jewish_rock,3,0.0,3.0,0.0,1.0,7.0,1.0,4.333333333333333
breton,3,1.0,2.0,0.3333333333333333,0.6666666666666666,3.0,1.0,2.0
french,3,0.0,3.0,0.0,1.0,3.0,1.0,2.0
college_rock,3,0.0,3.0,0.0,1.0,4.0,4.0,4.0
christmas,3,0.0,3.0,0.0,1.0,73.0,5.0,28.333333333333332
street_punk,3,0.0,3.0,0.0,1.0,9.0,5.0,6.333333333333333
physical_comedy,3,0.0,3.0,0.0,1.0,8.0,4.0,5.666666666666667
british_hip_hop,3,1.0,2.0,0.3333333333333333,0.6666666666666666,8.0,2.0,4.333333333333333
caribbean,3,1.0,2.0,0.3333333333333333,0.6666666666666666,8.0,2.0,4.333333333333333
deep_soul,3,1.0,2.0,0.3333333333333333,0.6666666666666666,6.0,4.0,4.666666666666667
modern_classical,3,0.0,3.0,0.0,1.0,5.0,2.0,3.3333333333333335
new_weird_america,3,2.0,1.0,0.6666666666666666,0.3333333333333333,9.0,4.0,6.333333333333333
steampunk,3,1.0,2.0,0.3333333333333333,0.6666666666666666,6.0,3.0,4.0
guajira,3,0.0,3.0,0.0,1.0,5.0,3.0,3.6666666666666665
electro_rock,3,3.0,0.0,1.0,0.0,5.0,3.0,3.6666666666666665
goth_rock,3,2.0,1.0,0.6666666666666666,0.3333333333333333,6.0,2.0,4.666666666666667
mainstream_jazz,3,1.0,2.0,0.3333333333333333,0.6666666666666666,45.0,5.0,18.333333333333332
west_coast_jazz,3,0.0,3.0,0.0,1.0,45.0,3.0,17.333333333333332
french_variety,3,0.0,3.0,0.0,1.0,3.0,2.0,2.6666666666666665
folk_jazz,3,0.0,3.0,0.0,1.0,45.0,4.0,18.0
melodic_metalcore,3,1.0,2.0,0.3333333333333333,0.6666666666666666,5.0,2.0,3.3333333333333335
glitch,3,0.0,3.0,0.0,1.0,5.0,2.0,4.0
free_funk,3,0.0,3.0,0.0,1.0,45.0,4.0,18.0
juke_joint_blues,3,0.0,3.0,0.0,1.0,4.0,2.0,2.6666666666666665
bambuco,3,0.0,3.0,0.0,1.0,9.0,4.0,5.666666666666667
ambient_pop,3,0.0,3.0,0.0,1.0,6.0,4.0,5.0
diy,3,0.0,3.0,0.0,1.0,5.0,2.0,4.0
paisley_underground,3,1.0,2.0,0.3333333333333333,0.6666666666666666,6.0,1.0,3.0
c_pop,3,2.0,1.0,0.6666666666666666,0.3333333333333333,6.0,2.0,4.0
chamber,3,0.0,3.0,0.0,1.0,6.0,2.0,4.0
drone_metal,3,0.0,3.0,0.0,1.0,15.0,4.0,7.666666666666667
pop_opera,3,2.0,1.0,0.6666666666666666,0.3333333333333333,6.0,2.0,4.666666666666667
progressive_death_metal,3,0.0,3.0,0.0,1.0,7.0,3.0,5.0
medieval,3,2.0,1.0,0.6666666666666666,0.3333333333333333,2.0,1.0,1.3333333333333333
eurodisco,3,3.0,0.0,1.0,0.0,3.0,2.0,2.6666666666666665
latin_freestyle,3,1.0,2.0,0.3333333333333333,0.6666666666666666,5.0,4.0,4.666666666666667
hokum,3,0.0,3.0,0.0,1.0,7.0,2.0,3.6666666666666665
french_rock,3,0.0,3.0,0.0,1.0,6.0,2.0,4.0
canadian_hip_hop,3,1.0,2.0,0.3333333333333333,0.6666666666666666,2.0,1.0,1.6666666666666667
cowboy,3,0.0,3.0,0.0,1.0,4.0,4.0,4.0
light_rock,3,1.0,2.0,0.3333333333333333,0.6666666666666666,6.0,2.0,3.6666666666666665
grebo,3,0.0,3.0,0.0,1.0,4.0,4.0,4.0
technical_metal,3,0.0,3.0,0.0,1.0,5.0,2.0,3.0
political_satire,3,1.0,2.0,0.3333333333333333,0.6666666666666666,6.0,1.0,3.3333333333333335
praise_and_worship,3,1.0,2.0,0.3333333333333333,0.6666666666666666,5.0,3.0,4.0
romantic,3,0.0,3.0,0.0,1.0,6.0,1.0,3.3333333333333335
truck_driving_country,3,0.0,3.0,0.0,1.0,8.0,2.0,4.666666666666667
golden_age_hip_hop,3,0.0,3.0,0.0,1.0,5.0,2.0,3.6666666666666665
industrial_hip_hop,3,0.0,3.0,0.0,1.0,15.0,3.0,7.666666666666667
light_opera,3,2.0,1.0,0.6666666666666666,0.3333333333333333,3.0,2.0,2.6666666666666665
womens,3,3.0,0.0,1.0,0.0,6.0,2.0,3.3333333333333335
middle_of_the_road,3,2.0,1.0,0.6666666666666666,0.3333333333333333,73.0,1.0,25.666666666666668
stride,3,0.0,3.0,0.0,1.0,45.0,3.0,17.333333333333332
folk_alternative,2,1.0,1.0,0.5,0.5,3.0,2.0,2.5
dirty_blues,2,2.0,0.0,1.0,0.0,2.0,2.0,2.0
slapstick,2,1.0,1.0,0.5,0.5,12.0,3.0,7.5
jewish_hip_hop,2,0.0,2.0,0.0,1.0,7.0,1.0,4.0
death_n_roll,2,0.0,2.0,0.0,1.0,3.0,2.0,2.5
pop_classical,2,0.0,2.0,0.0,1.0,5.0,2.0,3.5
comedy_pop,2,0.0,2.0,0.0,1.0,6.0,2.0,4.0
new_blues,2,1.0,1.0,0.5,0.5,2.0,2.0,2.0
urban_pop,2,1.0,1.0,0.5,0.5,4.0,3.0,3.5
rock_jazz,2,0.0,2.0,0.0,1.0,4.0,4.0,4.0
laïko,2,2.0,0.0,1.0,0.0,5.0,3.0,4.0
album_alternative,2,1.0,1.0,0.5,0.5,5.0,4.0,4.5
electro_hop,2,1.0,1.0,0.5,0.5,6.0,5.0,5.5
electronic_dance,2,1.0,1.0,0.5,0.5,5.0,5.0,5.0
mambo,2,1.0,1.0,0.5,0.5,5.0,4.0,4.5
chamber_jazz,2,0.0,2.0,0.0,1.0,45.0,3.0,24.0
punk_jazz,2,0.0,2.0,0.0,1.0,45.0,5.0,25.0
sephardic,2,2.0,0.0,1.0,0.0,3.0,2.0,2.5
orchestral_jazz,2,0.0,2.0,0.0,1.0,45.0,3.0,24.0
tropicalismo,2,0.0,2.0,0.0,1.0,5.0,4.0,4.5
new_orleans_r_and_b,2,1.0,1.0,0.5,0.5,7.0,2.0,4.5
contemporary_gospel,2,2.0,0.0,1.0,0.0,5.0,2.0,3.5
neo_swing,2,0.0,2.0,0.0,1.0,45.0,9.0,27.0
performance_art,2,0.0,2.0,0.0,1.0,8.0,5.0,6.5
hymns,2,1.0,1.0,0.5,0.5,5.0,5.0,5.0
fingerstyle_guitar,2,0.0,2.0,0.0,1.0,3.0,1.0,2.0
opm,2,1.0,1.0,0.5,0.5,4.0,4.0,4.0
alternative_music,2,1.0,1.0,0.5,0.5,5.0,4.0,4.5
new_orleans_blues,2,1.0,1.0,0.5,0.5,7.0,2.0,4.5
nueva_canción,2,0.0,2.0,0.0,1.0,4.0,2.0,3.0
conscious_rap,2,0.0,2.0,0.0,1.0,4.0,2.0,3.0
canterbury_sound,2,0.0,2.0,0.0,1.0,5.0,4.0,4.5
bollywood,2,1.0,1.0,0.5,0.5,6.0,1.0,3.5
conscious_hip_hop,2,0.0,2.0,0.0,1.0,6.0,5.0,5.5
acid_house,2,0.0,2.0,0.0,1.0,6.0,2.0,4.0
chopped_and_screwed,2,0.0,2.0,0.0,1.0,4.0,2.0,3.0
2_step_garage,2,2.0,0.0,1.0,0.0,4.0,4.0,4.0
television_score,2,0.0,2.0,0.0,1.0,1.0,1.0,1.0
sadcore,2,1.0,1.0,0.5,0.5,6.0,4.0,5.0
symphonic,2,0.0,2.0,0.0,1.0,4.0,3.0,3.5
electro_swing,2,1.0,1.0,0.5,0.5,7.0,2.0,4.5
minimal_wave,2,1.0,1.0,0.5,0.5,3.0,3.0,3.0
barbershop,2,0.0,2.0,0.0,1.0,3.0,2.0,2.5
musical_pop,2,1.0,1.0,0.5,0.5,5.0,5.0,5.0
russian_chanson,2,0.0,2.0,0.0,1.0,1.0,1.0,1.0
contemporary_jazz,2,0.0,2.0,0.0,1.0,5.0,4.0,4.5
tropical_house,2,0.0,2.0,0.0,1.0,4.0,3.0,3.5
cuban_rumba,2,1.0,1.0,0.5,0.5,6.0,6.0,6.0
contemporary_pop,2,2.0,0.0,1.0,0.0,2.0,2.0,2.0
avant_funk,2,0.0,2.0,0.0,1.0,5.0,4.0,4.5
guaguancó,2,0.0,2.0,0.0,1.0,6.0,5.0,5.5
atonal,2,0.0,2.0,0.0,1.0,4.0,1.0,2.5
standards,2,1.0,1.0,0.5,0.5,5.0,2.0,3.5
new_prog,2,0.0,2.0,0.0,1.0,8.0,6.0,7.0
chopper,2,0.0,2.0,0.0,1.0,4.0,2.0,3.0
popular_song,2,1.0,1.0,0.5,0.5,5.0,1.0,3.0
reggae_pop,2,1.0,1.0,0.5,0.5,5.0,2.0,3.5
progressive_country,2,0.0,2.0,0.0,1.0,10.0,3.0,6.5
korean_hip_hop,2,0.0,2.0,0.0,1.0,2.0,1.0,1.5
urban_folk,2,1.0,1.0,0.5,0.5,2.0,1.0,1.5
irish,2,1.0,1.0,0.5,0.5,5.0,1.0,3.0
urban_gospel,2,1.0,1.0,0.5,0.5,6.0,5.0,5.5
punjabi,2,0.0,2.0,0.0,1.0,7.0,3.0,5.0
spanish_guitar,2,0.0,2.0,0.0,1.0,5.0,3.0,4.0
northwest_hip_hop,2,0.0,2.0,0.0,1.0,2.0,2.0,2.0
tech_house,2,2.0,0.0,1.0,0.0,4.0,4.0,4.0
ac,2,1.0,1.0,0.5,0.5,8.0,3.0,5.5
yodeling,2,1.0,1.0,0.5,0.5,4.0,2.0,3.0
latin_soul,2,1.0,1.0,0.5,0.5,5.0,4.0,4.5
sleaze_rock,2,1.0,1.0,0.5,0.5,8.0,3.0,5.5
anison,2,2.0,0.0,1.0,0.0,3.0,2.0,2.5
native_american,2,1.0,1.0,0.5,0.5,5.0,2.0,3.5
concert,2,1.0,1.0,0.5,0.5,2.0,2.0,2.0
third_stream,2,0.0,2.0,0.0,1.0,45.0,4.0,24.5
comedy_rap,2,0.0,2.0,0.0,1.0,3.0,3.0,3.0
asian_fusion,2,0.0,2.0,0.0,1.0,3.0,2.0,2.5
latin_american,2,0.0,2.0,0.0,1.0,2.0,1.0,1.5
son_montuno,2,0.0,2.0,0.0,1.0,5.0,4.0,4.5
holiday,2,1.0,1.0,0.5,0.5,5.0,2.0,3.5
roots_revival,2,1.0,1.0,0.5,0.5,3.0,2.0,2.5
geek_rock,2,0.0,2.0,0.0,1.0,6.0,3.0,4.5
country_punk,2,0.0,2.0,0.0,1.0,4.0,2.0,3.0
rhythm__and__grime,2,2.0,0.0,1.0,0.0,5.0,2.0,3.5
post_industrial,2,1.0,1.0,0.5,0.5,5.0,2.0,3.5
bubblegum,2,1.0,1.0,0.5,0.5,3.0,3.0,3.0
digital_hardcore,2,0.0,2.0,0.0,1.0,15.0,4.0,9.5
vallenato,2,0.0,2.0,0.0,1.0,9.0,1.0,5.0
twee_pop,2,0.0,2.0,0.0,1.0,73.0,5.0,39.0
nueva_trova,2,0.0,2.0,0.0,1.0,4.0,1.0,2.5
filin,2,0.0,2.0,0.0,1.0,4.0,2.0,3.0
krautrock,2,0.0,2.0,0.0,1.0,5.0,2.0,3.5
rave,2,1.0,1.0,0.5,0.5,4.0,4.0,4.0
impressions,2,0.0,2.0,0.0,1.0,5.0,1.0,3.0
rumba,2,1.0,1.0,0.5,0.5,9.0,5.0,7.0
post_progressive,2,0.0,2.0,0.0,1.0,7.0,6.0,6.5
rock_soul,2,1.0,1.0,0.5,0.5,5.0,2.0,3.5
various,2,2.0,0.0,1.0,0.0,1.0,1.0,1.0
bhajan,2,2.0,0.0,1.0,0.0,5.0,3.0,4.0
afro_pop,2,0.0,2.0,0.0,1.0,4.0,1.0,2.5
classic_pop,2,0.0,2.0,0.0,1.0,9.0,3.0,6.0
yiddish,2,1.0,1.0,0.5,0.5,8.0,5.0,6.5
popera,2,0.0,2.0,0.0,1.0,4.0,4.0,4.0
drone_doom,2,0.0,2.0,0.0,1.0,7.0,3.0,5.0
new_rave,2,2.0,0.0,1.0,0.0,4.0,4.0,4.0
greek,2,2.0,0.0,1.0,0.0,9.0,4.0,6.5
brown_eyed_soul,2,1.0,1.0,0.5,0.5,7.0,5.0,6.0
tropicália,2,1.0,1.0,0.5,0.5,4.0,4.0,4.0
2_step,2,2.0,0.0,1.0,0.0,5.0,2.0,3.5
vocal_trance,2,2.0,0.0,1.0,0.0,5.0,4.0,4.5
neotraditional,2,0.0,2.0,0.0,1.0,2.0,2.0,2.0
poetry,2,0.0,2.0,0.0,1.0,8.0,5.0,6.5
meditation,2,1.0,1.0,0.5,0.5,4.0,3.0,3.5
christian_ac,2,2.0,0.0,1.0,0.0,3.0,3.0,3.0
corrido,2,0.0,2.0,0.0,1.0,12.0,4.0,8.0
christian_rap,2,1.0,1.0,0.5,0.5,2.0,2.0,2.0
african_american,2,1.0,1.0,0.5,0.5,7.0,3.0,5.0
indigenous,2,0.0,2.0,0.0,1.0,2.0,2.0,2.0
loop,2,0.0,2.0,0.0,1.0,8.0,8.0,8.0
ebm,2,1.0,1.0,0.5,0.5,7.0,4.0,5.5
country_soul,2,1.0,1.0,0.5,0.5,6.0,3.0,4.5
african,2,0.0,2.0,0.0,1.0,8.0,6.0,7.0
synth_punk,2,1.0,1.0,0.5,0.5,10.0,7.0,8.5
funktronica,2,0.0,2.0,0.0,1.0,6.0,3.0,4.5
maritime,2,0.0,2.0,0.0,1.0,2.0,2.0,2.0
midwest_hip_hop,2,0.0,2.0,0.0,1.0,4.0,3.0,3.5
australian_country,2,1.0,1.0,0.5,0.5,1.0,1.0,1.0
modal_jazz,2,1.0,1.0,0.5,0.5,45.0,5.0,25.0
hamd,2,0.0,2.0,0.0,1.0,5.0,4.0,4.5
glo_fi,2,0.0,2.0,0.0,1.0,6.0,2.0,4.0
neue_deutsche_welle,2,1.0,1.0,0.5,0.5,6.0,1.0,3.5
cringe_comedy,2,0.0,2.0,0.0,1.0,8.0,6.0,7.0
vocalist,2,0.0,2.0,0.0,1.0,4.0,1.0,2.5
european_art,2,0.0,2.0,0.0,1.0,2.0,2.0,2.0
patriotic,2,0.0,2.0,0.0,1.0,3.0,3.0,3.0
fingerstyle,2,0.0,2.0,0.0,1.0,7.0,6.0,6.5
synthwave,2,0.0,2.0,0.0,1.0,6.0,5.0,5.5
merseybeat,2,0.0,2.0,0.0,1.0,4.0,3.0,3.5
pacific_northwest_hip_hop,2,0.0,2.0,0.0,1.0,3.0,3.0,3.0
country_gospel,2,1.0,1.0,0.5,0.5,3.0,1.0,2.0
west_coast_rap,2,0.0,2.0,0.0,1.0,2.0,2.0,2.0
protest_song,2,0.0,2.0,0.0,1.0,5.0,4.0,4.5
talking_blues,2,0.0,2.0,0.0,1.0,6.0,4.0,5.0
contemporary_jewish_religious,2,0.0,2.0,0.0,1.0,3.0,1.0,2.0
variety,2,1.0,1.0,0.5,0.5,3.0,2.0,2.5
snap,2,0.0,2.0,0.0,1.0,3.0,3.0,3.0
new_orleans_jazz,2,0.0,2.0,0.0,1.0,9.0,4.0,6.5
new_orleans,2,0.0,2.0,0.0,1.0,3.0,2.0,2.5
orchestral_pop,2,0.0,2.0,0.0,1.0,73.0,3.0,38.0
jug_band,2,0.0,2.0,0.0,1.0,4.0,2.0,3.0
vispop,2,2.0,0.0,1.0,0.0,2.0,1.0,1.5
canción,2,0.0,2.0,0.0,1.0,5.0,5.0,5.0
madchester,2,0.0,2.0,0.0,1.0,6.0,4.0,5.0
hillbilly,2,0.0,2.0,0.0,1.0,5.0,3.0,4.0
freestyle_rap,2,0.0,2.0,0.0,1.0,3.0,3.0,3.0
expressionism,2,0.0,2.0,0.0,1.0,5.0,3.0,4.0
french_house,2,0.0,2.0,0.0,1.0,5.0,1.0,3.0
indie_electronic,2,1.0,1.0,0.5,0.5,5.0,3.0,4.0
murga,2,0.0,2.0,0.0,1.0,4.0,3.0,3.5
trop_rock,2,0.0,2.0,0.0,1.0,8.0,5.0,6.5
forró,2,0.0,2.0,0.0,1.0,11.0,6.0,8.5
ethno_jazz,2,0.0,2.0,0.0,1.0,5.0,3.0,4.0
kuduro,2,0.0,2.0,0.0,1.0,7.0,3.0,5.0
indian_pop,2,0.0,2.0,0.0,1.0,4.0,2.0,3.0
british_rock_and_roll,2,0.0,2.0,0.0,1.0,4.0,3.0,3.5
swing_revival,2,0.0,2.0,0.0,1.0,8.0,4.0,6.0
post_dubstep,2,1.0,1.0,0.5,0.5,5.0,3.0,4.0
brill_building,2,0.0,2.0,0.0,1.0,2.0,2.0,2.0
goth,2,1.0,1.0,0.5,0.5,15.0,2.0,8.5
guitarist,2,0.0,2.0,0.0,1.0,4.0,4.0,4.0
celtic_metal,2,1.0,1.0,0.5,0.5,8.0,3.0,5.5
underground_rock,2,0.0,2.0,0.0,1.0,3.0,3.0,3.0
bounce,2,0.0,2.0,0.0,1.0,2.0,1.0,1.5
alternative_jazz,2,0.0,2.0,0.0,1.0,2.0,2.0,2.0
wagnerian_rock,1,1.0,0.0,1.0,0.0,2.0,2.0,2.0
soul_dance,1,0.0,1.0,0.0,1.0,4.0,4.0,4.0
show_tuness_jazz,1,1.0,0.0,1.0,0.0,2.0,2.0,2.0
hardrock,1,0.0,1.0,0.0,1.0,4.0,4.0,4.0
big_room_house,1,0.0,1.0,0.0,1.0,9.0,9.0,9.0
catalan,1,0.0,1.0,0.0,1.0,2.0,2.0,2.0
porro,1,0.0,1.0,0.0,1.0,9.0,9.0,9.0
bass_guitar,1,0.0,1.0,0.0,1.0,4.0,4.0,4.0
acoustic_guitar,1,0.0,1.0,0.0,1.0,4.0,4.0,4.0
frat_rock,1,0.0,1.0,0.0,1.0,5.0,5.0,5.0
manguebeat,1,0.0,1.0,0.0,1.0,8.0,8.0,8.0
english_beat,1,0.0,1.0,0.0,1.0,2.0,2.0,2.0
turntablism,1,0.0,1.0,0.0,1.0,5.0,5.0,5.0
punk_cabaret,1,0.0,1.0,0.0,1.0,8.0,8.0,8.0
nuevo_flamenco,1,0.0,1.0,0.0,1.0,3.0,3.0,3.0
salsa_romántica,1,0.0,1.0,0.0,1.0,4.0,4.0,4.0
canción_ranchera,1,0.0,1.0,0.0,1.0,4.0,4.0,4.0
future_garage,1,0.0,1.0,0.0,1.0,5.0,5.0,5.0
melodic_dubstep,1,1.0,0.0,1.0,0.0,10.0,10.0,10.0
popcore,1,0.0,1.0,0.0,1.0,5.0,5.0,5.0
classical_pop,1,1.0,0.0,1.0,0.0,3.0,3.0,3.0
celtic_pop,1,0.0,1.0,0.0,1.0,8.0,8.0,8.0
baião,1,0.0,1.0,0.0,1.0,11.0,11.0,11.0
downbeat,1,0.0,1.0,0.0,1.0,2.0,2.0,2.0
choro,1,0.0,1.0,0.0,1.0,2.0,2.0,2.0
era,1,0.0,1.0,0.0,1.0,10.0,10.0,10.0
indo_jazz,1,0.0,1.0,0.0,1.0,45.0,45.0,45.0
vocal_group,1,0.0,1.0,0.0,1.0,3.0,3.0,3.0
crunkcore,1,0.0,1.0,0.0,1.0,4.0,4.0,4.0
psycho_blues,1,0.0,1.0,0.0,1.0,5.0,5.0,5.0
baltimiddle_of_the_roade_club,1,0.0,1.0,0.0,1.0,3.0,3.0,3.0
jazz_mugham,1,0.0,1.0,0.0,1.0,45.0,45.0,45.0
jazz_soul,1,0.0,1.0,0.0,1.0,3.0,3.0,3.0
alternative_classic,1,0.0,1.0,0.0,1.0,3.0,3.0,3.0
jazz_classical,1,1.0,0.0,1.0,0.0,3.0,3.0,3.0
east_bay_grease,1,1.0,0.0,1.0,0.0,4.0,4.0,4.0
gregorian_chant,1,1.0,0.0,1.0,0.0,4.0,4.0,4.0
comedy_song,1,1.0,0.0,1.0,0.0,3.0,3.0,3.0
retro,1,1.0,0.0,1.0,0.0,5.0,5.0,5.0
electric_violin,1,1.0,0.0,1.0,0.0,3.0,3.0,3.0
swing_jazz,1,0.0,1.0,0.0,1.0,2.0,2.0,2.0
tuvan_throat_singing,1,0.0,1.0,0.0,1.0,4.0,4.0,4.0
baroque,1,1.0,0.0,1.0,0.0,3.0,3.0,3.0
ethno_jass,1,0.0,1.0,0.0,1.0,8.0,8.0,8.0
anti_genre,1,0.0,1.0,0.0,1.0,11.0,11.0,11.0
future_house,1,0.0,1.0,0.0,1.0,9.0,9.0,9.0
psychedelic_metal,1,1.0,0.0,1.0,0.0,5.0,5.0,5.0
revival,1,0.0,1.0,0.0,1.0,8.0,8.0,8.0
country_folk_rock,1,0.0,1.0,0.0,1.0,2.0,2.0,2.0
mexican_pop,1,0.0,1.0,0.0,1.0,5.0,5.0,5.0
french_canadian,1,1.0,0.0,1.0,0.0,3.0,3.0,3.0
puerto_rican_folk,1,0.0,1.0,0.0,1.0,1.0,1.0,1.0
record_producer,1,0.0,1.0,0.0,1.0,4.0,4.0,4.0
lyrical_pop,1,1.0,0.0,1.0,0.0,1.0,1.0,1.0
sufi_rock,1,0.0,1.0,0.0,1.0,6.0,6.0,6.0
industrial_tinged_alternative_folk,1,0.0,1.0,0.0,1.0,1.0,1.0,1.0
synth,1,0.0,1.0,0.0,1.0,5.0,5.0,5.0
blues_jazz,1,1.0,0.0,1.0,0.0,2.0,2.0,2.0
rock_standards,1,0.0,1.0,0.0,1.0,8.0,8.0,8.0
christian_new_age,1,1.0,0.0,1.0,0.0,3.0,3.0,3.0
mantra,1,1.0,0.0,1.0,0.0,4.0,4.0,4.0
folk_noir,1,1.0,0.0,1.0,0.0,9.0,9.0,9.0
moody,1,1.0,0.0,1.0,0.0,4.0,4.0,4.0
polynesian,1,0.0,1.0,0.0,1.0,4.0,4.0,4.0
rock_and_roll_revival,1,0.0,1.0,0.0,1.0,2.0,2.0,2.0
m_base,1,0.0,1.0,0.0,1.0,45.0,45.0,45.0
chilean,1,0.0,1.0,0.0,1.0,3.0,3.0,3.0
israeli,1,0.0,1.0,0.0,1.0,8.0,8.0,8.0
observational,1,0.0,1.0,0.0,1.0,3.0,3.0,3.0
caribbean_calypso,1,1.0,0.0,1.0,0.0,5.0,5.0,5.0
dirty_south,1,0.0,1.0,0.0,1.0,3.0,3.0,3.0
nursery_rhymes,1,0.0,1.0,0.0,1.0,73.0,73.0,73.0
grupero,1,0.0,1.0,0.0,1.0,4.0,4.0,4.0
illbient,1,0.0,1.0,0.0,1.0,15.0,15.0,15.0
japanese_pop,1,1.0,0.0,1.0,0.0,1.0,1.0,1.0
jungle,1,0.0,1.0,0.0,1.0,3.0,3.0,3.0
second_line,1,0.0,1.0,0.0,1.0,5.0,5.0,5.0
breakstep,1,0.0,1.0,0.0,1.0,7.0,7.0,7.0
religious,1,1.0,0.0,1.0,0.0,3.0,3.0,3.0
gothabilly,1,0.0,1.0,0.0,1.0,4.0,4.0,4.0
sympho_rock,1,0.0,1.0,0.0,1.0,8.0,8.0,8.0
whiskey,1,0.0,1.0,0.0,1.0,4.0,4.0,4.0
storytelling,1,0.0,1.0,0.0,1.0,2.0,2.0,2.0
piano_pop,1,1.0,0.0,1.0,0.0,2.0,2.0,2.0
third_space,1,0.0,1.0,0.0,1.0,12.0,12.0,12.0
waltz,1,0.0,1.0,0.0,1.0,2.0,2.0,2.0
improvisation,1,0.0,1.0,0.0,1.0,6.0,6.0,6.0
harp,1,1.0,0.0,1.0,0.0,4.0,4.0,4.0
ethno_rock,1,0.0,1.0,0.0,1.0,8.0,8.0,8.0
minimal,1,0.0,1.0,0.0,1.0,3.0,3.0,3.0
blues_soul,1,0.0,1.0,0.0,1.0,2.0,2.0,2.0
chanson_française,1,0.0,1.0,0.0,1.0,1.0,1.0,1.0
spoken_word_comedy,1,0.0,1.0,0.0,1.0,2.0,2.0,2.0
trailer,1,1.0,0.0,1.0,0.0,3.0,3.0,3.0
miami_bass,1,1.0,0.0,1.0,0.0,3.0,3.0,3.0
asian_underground,1,0.0,1.0,0.0,1.0,7.0,7.0,7.0
casiocore,1,0.0,1.0,0.0,1.0,73.0,73.0,73.0
close_harmony,1,0.0,1.0,0.0,1.0,1.0,1.0,1.0
ladino,1,1.0,0.0,1.0,0.0,3.0,3.0,3.0
crust_punk,1,0.0,1.0,0.0,1.0,4.0,4.0,4.0
khyal,1,1.0,0.0,1.0,0.0,6.0,6.0,6.0
grand_opera,1,1.0,0.0,1.0,0.0,3.0,3.0,3.0
harmonica_blues,1,0.0,1.0,0.0,1.0,4.0,4.0,4.0
latin_house,1,1.0,0.0,1.0,0.0,3.0,3.0,3.0
ameritopia,1,0.0,1.0,0.0,1.0,6.0,6.0,6.0
groove_rock,1,0.0,1.0,0.0,1.0,7.0,7.0,7.0
ska_core,1,0.0,1.0,0.0,1.0,2.0,2.0,2.0
candombe,1,0.0,1.0,0.0,1.0,4.0,4.0,4.0
euro_house,1,1.0,0.0,1.0,0.0,3.0,3.0,3.0
scrumpy_and_western,1,0.0,1.0,0.0,1.0,3.0,3.0,3.0
cello_rock,1,1.0,0.0,1.0,0.0,1.0,1.0,1.0
jazz_gospel,1,1.0,0.0,1.0,0.0,2.0,2.0,2.0
bluegrass_pop,1,0.0,1.0,0.0,1.0,3.0,3.0,3.0
spaghetti_country,1,0.0,1.0,0.0,1.0,4.0,4.0,4.0
harmolodics,1,0.0,1.0,0.0,1.0,5.0,5.0,5.0
disco_punk,1,0.0,1.0,0.0,1.0,9.0,9.0,9.0
literary_realism,1,0.0,1.0,0.0,1.0,6.0,6.0,6.0
trance_pop,1,1.0,0.0,1.0,0.0,4.0,4.0,4.0
melodic_metal,1,0.0,1.0,0.0,1.0,6.0,6.0,6.0
pop_blues,1,0.0,1.0,0.0,1.0,3.0,3.0,3.0
the_motown,1,0.0,1.0,0.0,1.0,4.0,4.0,4.0
wonky_pop,1,0.0,1.0,0.0,1.0,4.0,4.0,4.0
trap_metal,1,0.0,1.0,0.0,1.0,5.0,5.0,5.0
international,1,1.0,0.0,1.0,0.0,2.0,2.0,2.0
halloween,1,0.0,1.0,0.0,1.0,73.0,73.0,73.0
comic_opera,1,1.0,0.0,1.0,0.0,2.0,2.0,2.0
future_funk,1,0.0,1.0,0.0,1.0,7.0,7.0,7.0
glam,1,0.0,1.0,0.0,1.0,3.0,3.0,3.0
bassline,1,1.0,0.0,1.0,0.0,5.0,5.0,5.0
underground_rap,1,0.0,1.0,0.0,1.0,1.0,1.0,1.0
cinematic,1,1.0,0.0,1.0,0.0,3.0,3.0,3.0
mainstream,1,1.0,0.0,1.0,0.0,5.0,5.0,5.0
doomsday_metal,1,0.0,1.0,0.0,1.0,6.0,6.0,6.0
afro_celtic,1,1.0,0.0,1.0,0.0,2.0,2.0,2.0
op,1,0.0,1.0,0.0,1.0,5.0,5.0,5.0
elevator,1,0.0,1.0,0.0,1.0,73.0,73.0,73.0
farce,1,0.0,1.0,0.0,1.0,4.0,4.0,4.0
experimental_electronic,1,1.0,0.0,1.0,0.0,3.0,3.0,3.0
progressive_jazz,1,0.0,1.0,0.0,1.0,45.0,45.0,45.0
traditional_blues,1,1.0,0.0,1.0,0.0,6.0,6.0,6.0
lo_fi_rap,1,0.0,1.0,0.0,1.0,4.0,4.0,4.0
sami,1,1.0,0.0,1.0,0.0,2.0,2.0,2.0
future_pop,1,1.0,0.0,1.0,0.0,4.0,4.0,4.0
jazz_standards,1,0.0,1.0,0.0,1.0,5.0,5.0,5.0
turkish,1,1.0,0.0,1.0,0.0,4.0,4.0,4.0
hip_pop,1,1.0,0.0,1.0,0.0,8.0,8.0,8.0
harmony_pop,1,0.0,1.0,0.0,1.0,73.0,73.0,73.0
acoustic_progressive_rock,1,1.0,0.0,1.0,0.0,9.0,9.0,9.0
tapping,1,0.0,1.0,0.0,1.0,3.0,3.0,3.0
theme,1,0.0,1.0,0.0,1.0,1.0,1.0,1.0
naat,1,0.0,1.0,0.0,1.0,5.0,5.0,5.0
hawaiianan_falsetto,1,1.0,0.0,1.0,0.0,1.0,1.0,1.0
pop_rock_electro,1,0.0,1.0,0.0,1.0,1.0,1.0,1.0
quebec_folk,1,0.0,1.0,0.0,1.0,3.0,3.0,3.0
cha_cha_cha,1,0.0,1.0,0.0,1.0,4.0,4.0,4.0
champeta,1,0.0,1.0,0.0,1.0,9.0,9.0,9.0
surreal_humor,1,0.0,1.0,0.0,1.0,3.0,3.0,3.0
chanson_réaliste,1,1.0,0.0,1.0,0.0,2.0,2.0,2.0
payada,1,0.0,1.0,0.0,1.0,2.0,2.0,2.0
zumba,1,0.0,1.0,0.0,1.0,2.0,2.0,2.0
incidental,1,0.0,1.0,0.0,1.0,6.0,6.0,6.0
cedm,1,0.0,1.0,0.0,1.0,3.0,3.0,3.0
art_metal,1,1.0,0.0,1.0,0.0,8.0,8.0,8.0
visual_kei,1,0.0,1.0,0.0,1.0,9.0,9.0,9.0
irish_soul,1,1.0,0.0,1.0,0.0,3.0,3.0,3.0
riot_folk,1,0.0,1.0,0.0,1.0,3.0,3.0,3.0
process,1,0.0,1.0,0.0,1.0,8.0,8.0,8.0
arabic,1,1.0,0.0,1.0,0.0,3.0,3.0,3.0
mashup,1,0.0,1.0,0.0,1.0,2.0,2.0,2.0
argentine_folk,1,0.0,1.0,0.0,1.0,1.0,1.0,1.0
conjunto,1,0.0,1.0,0.0,1.0,5.0,5.0,5.0
bluegrass_gospel,1,0.0,1.0,0.0,1.0,3.0,3.0,3.0
congolese_rumba,1,1.0,0.0,1.0,0.0,4.0,4.0,4.0
nueva_ola,1,0.0,1.0,0.0,1.0,2.0,2.0,2.0
surf_punk,1,0.0,1.0,0.0,1.0,3.0,3.0,3.0
louisiana_folk,1,1.0,0.0,1.0,0.0,4.0,4.0,4.0
soukous,1,1.0,0.0,1.0,0.0,4.0,4.0,4.0
j_rock,1,0.0,1.0,0.0,1.0,9.0,9.0,9.0
synthrock,1,0.0,1.0,0.0,1.0,10.0,10.0,10.0
social_commentary,1,1.0,0.0,1.0,0.0,5.0,5.0,5.0
symphony,1,0.0,1.0,0.0,1.0,8.0,8.0,8.0
palingsound,1,0.0,1.0,0.0,1.0,3.0,3.0,3.0
canadiana,1,0.0,1.0,0.0,1.0,3.0,3.0,3.0
conga,1,0.0,1.0,0.0,1.0,6.0,6.0,6.0
street_artist,1,0.0,1.0,0.0,1.0,4.0,4.0,4.0
cymraeg,1,0.0,1.0,0.0,1.0,3.0,3.0,3.0
latin_alternative,1,0.0,1.0,0.0,1.0,4.0,4.0,4.0
rock_celtic_blues,1,0.0,1.0,0.0,1.0,2.0,2.0,2.0
mento,1,0.0,1.0,0.0,1.0,6.0,6.0,6.0
funky_house,1,1.0,0.0,1.0,0.0,3.0,3.0,3.0
acoustic_folk,1,0.0,1.0,0.0,1.0,3.0,3.0,3.0
west_end,1,1.0,0.0,1.0,0.0,3.0,3.0,3.0
kansas_city_jazz,1,0.0,1.0,0.0,1.0,45.0,45.0,45.0
psychedelic_trance,1,0.0,1.0,0.0,1.0,5.0,5.0,5.0
persian_pop,1,0.0,1.0,0.0,1.0,5.0,5.0,5.0
documentary,1,0.0,1.0,0.0,1.0,5.0,5.0,5.0
beat_poetry,1,0.0,1.0,0.0,1.0,5.0,5.0,5.0
r_and_bang,1,0.0,1.0,0.0,1.0,8.0,8.0,8.0
ethnic,1,1.0,0.0,1.0,0.0,1.0,1.0,1.0
neo_bop_jazz,1,0.0,1.0,0.0,1.0,45.0,45.0,45.0
swedish_folk,1,0.0,1.0,0.0,1.0,5.0,5.0,5.0
blackgaze,1,0.0,1.0,0.0,1.0,5.0,5.0,5.0
political,1,0.0,1.0,0.0,1.0,3.0,3.0,3.0
creole,1,0.0,1.0,0.0,1.0,12.0,12.0,12.0
sound_collage,1,0.0,1.0,0.0,1.0,5.0,5.0,5.0
german_hip_hop,1,0.0,1.0,0.0,1.0,1.0,1.0,1.0
karaoke,1,0.0,1.0,0.0,1.0,73.0,73.0,73.0
nazrul_geeti,1,1.0,0.0,1.0,0.0,6.0,6.0,6.0
new,1,0.0,1.0,0.0,1.0,2.0,2.0,2.0
santería,1,0.0,1.0,0.0,1.0,6.0,6.0,6.0
sound_art,1,0.0,1.0,0.0,1.0,3.0,3.0,3.0
kanto,1,1.0,0.0,1.0,0.0,4.0,4.0,4.0
new_age_instrumental,1,1.0,0.0,1.0,0.0,4.0,4.0,4.0
football_chant,1,0.0,1.0,0.0,1.0,73.0,73.0,73.0
acoustic_pop,1,1.0,0.0,1.0,0.0,6.0,6.0,6.0
indie_dance,1,0.0,1.0,0.0,1.0,5.0,5.0,5.0
torch_song,1,1.0,0.0,1.0,0.0,1.0,1.0,1.0
white_power,1,1.0,0.0,1.0,0.0,2.0,2.0,2.0
club_dance,1,0.0,1.0,0.0,1.0,5.0,5.0,5.0
sitcom,1,0.0,1.0,0.0,1.0,3.0,3.0,3.0
sufi,1,1.0,0.0,1.0,0.0,8.0,8.0,8.0
electronic_experimental,1,1.0,0.0,1.0,0.0,4.0,4.0,4.0
country_swing,1,0.0,1.0,0.0,1.0,5.0,5.0,5.0
art_song,1,1.0,0.0,1.0,0.0,4.0,4.0,4.0
microtonal,1,0.0,1.0,0.0,1.0,4.0,4.0,4.0
electro_folk,1,0.0,1.0,0.0,1.0,4.0,4.0,4.0
st_louis_blues,1,0.0,1.0,0.0,1.0,1.0,1.0,1.0
opera__and__musical,1,0.0,1.0,0.0,1.0,1.0,1.0,1.0
progressive_alterenative,1,0.0,1.0,0.0,1.0,3.0,3.0,3.0
intuitive_folk,1,1.0,0.0,1.0,0.0,4.0,4.0,4.0
drone_rock,1,0.0,1.0,0.0,1.0,3.0,3.0,3.0
chacarera,1,0.0,1.0,0.0,1.0,3.0,3.0,3.0
afro_cuban,1,1.0,0.0,1.0,0.0,8.0,8.0,8.0
just_intonation,1,0.0,1.0,0.0,1.0,4.0,4.0,4.0
roots_soul,1,0.0,1.0,0.0,1.0,2.0,2.0,2.0
hawaiian,1,0.0,1.0,0.0,1.0,4.0,4.0,4.0
avant_garde_progressive_rock,1,0.0,1.0,0.0,1.0,5.0,5.0,5.0
classical_hindi,1,0.0,1.0,0.0,1.0,7.0,7.0,7.0
jewish_liturgy,1,1.0,0.0,1.0,0.0,1.0,1.0,1.0
nerdcore_hip_hop,1,0.0,1.0,0.0,1.0,1.0,1.0,1.0
avant_garde_rap,1,0.0,1.0,0.0,1.0,3.0,3.0,3.0
urban_blues,1,0.0,1.0,0.0,1.0,2.0,2.0,2.0
pop_gospel,1,1.0,0.0,1.0,0.0,5.0,5.0,5.0
christian_ska,1,0.0,1.0,0.0,1.0,3.0,3.0,3.0
british,1,1.0,0.0,1.0,0.0,2.0,2.0,2.0
hauntology,1,0.0,1.0,0.0,1.0,4.0,4.0,4.0
pop_country,1,1.0,0.0,1.0,0.0,1.0,1.0,1.0
industrial_country,1,0.0,1.0,0.0,1.0,2.0,2.0,2.0
swing_dixieland,1,0.0,1.0,0.0,1.0,2.0,2.0,2.0
french_popular,1,0.0,1.0,0.0,1.0,1.0,1.0,1.0
active_rock,1,0.0,1.0,0.0,1.0,5.0,5.0,5.0
rock_country,1,0.0,1.0,0.0,1.0,4.0,4.0,4.0
european_free_jazz,1,0.0,1.0,0.0,1.0,45.0,45.0,45.0
blues_revival,1,0.0,1.0,0.0,1.0,5.0,5.0,5.0
uk_hip_hop,1,1.0,0.0,1.0,0.0,4.0,4.0,4.0
electro_grime,1,1.0,0.0,1.0,0.0,4.0,4.0,4.0
froggy_fresh,1,0.0,1.0,0.0,1.0,6.0,6.0,6.0
hasidic,1,0.0,1.0,0.0,1.0,8.0,8.0,8.0
latin_trap,1,0.0,1.0,0.0,1.0,3.0,3.0,3.0
sevdalinka,1,1.0,0.0,1.0,0.0,3.0,3.0,3.0
fife_and_drum,1,1.0,0.0,1.0,0.0,2.0,2.0,2.0
dark_rock,1,0.0,1.0,0.0,1.0,2.0,2.0,2.0
grind_core,1,0.0,1.0,0.0,1.0,4.0,4.0,4.0
vocal_surf,1,1.0,0.0,1.0,0.0,2.0,2.0,2.0
folkloric,1,0.0,1.0,0.0,1.0,5.0,5.0,5.0
traditional_pop_country,1,0.0,1.0,0.0,1.0,2.0,2.0,2.0
adhunik,1,1.0,0.0,1.0,0.0,5.0,5.0,5.0
music_of_hawaiian,1,1.0,0.0,1.0,0.0,5.0,5.0,5.0
show_tunes__contemporary,1,1.0,0.0,1.0,0.0,2.0,2.0,2.0
childrens_country,1,0.0,1.0,0.0,1.0,1.0,1.0,1.0
fado,1,1.0,0.0,1.0,0.0,3.0,3.0,3.0
bulgarian_folklorica,1,1.0,0.0,1.0,0.0,9.0,9.0,9.0
instrumental_synth,1,0.0,1.0,0.0,1.0,73.0,73.0,73.0
nostalgia,1,0.0,1.0,0.0,1.0,73.0,73.0,73.0
nwobhm,1,0.0,1.0,0.0,1.0,3.0,3.0,3.0
essay,1,0.0,1.0,0.0,1.0,5.0,5.0,5.0
country_and_irish,1,1.0,0.0,1.0,0.0,5.0,5.0,5.0
theater_performer,1,1.0,0.0,1.0,0.0,2.0,2.0,2.0
joik,1,0.0,1.0,0.0,1.0,4.0,4.0,4.0
irish_rock,1,0.0,1.0,0.0,1.0,2.0,2.0,2.0
industrial_black_metal,1,0.0,1.0,0.0,1.0,3.0,3.0,3.0
crime_fiction,1,0.0,1.0,0.0,1.0,6.0,6.0,6.0
neoclassical_jazz,1,1.0,0.0,1.0,0.0,2.0,2.0,2.0
balkan,1,1.0,0.0,1.0,0.0,4.0,4.0,4.0
african_blues,1,0.0,1.0,0.0,1.0,8.0,8.0,8.0
baroque_rock,1,0.0,1.0,0.0,1.0,6.0,6.0,6.0
bass,1,0.0,1.0,0.0,1.0,6.0,6.0,6.0
canzone_napoletana,1,0.0,1.0,0.0,1.0,9.0,9.0,9.0
joropo,1,0.0,1.0,0.0,1.0,4.0,4.0,4.0
alternate_acoustic,1,0.0,1.0,0.0,1.0,1.0,1.0,1.0
maskandi,1,0.0,1.0,0.0,1.0,1.0,1.0,1.0
hong_kong_english_pop,1,0.0,1.0,0.0,1.0,2.0,2.0,2.0
american_sign_language,1,1.0,0.0,1.0,0.0,2.0,2.0,2.0
folk_influenced_singer_songwriter,1,1.0,0.0,1.0,0.0,2.0,2.0,2.0
german_schlager,1,0.0,1.0,0.0,1.0,3.0,3.0,3.0
hebrew,1,0.0,1.0,0.0,1.0,8.0,8.0,8.0
flamenco_fusion,1,1.0,0.0,1.0,0.0,9.0,9.0,9.0
epic_doom_metal,1,0.0,1.0,0.0,1.0,1.0,1.0,1.0
gothic,1,1.0,0.0,1.0,0.0,5.0,5.0,5.0
vaudeville_blues,1,0.0,1.0,0.0,1.0,7.0,7.0,7.0
krispy_kreme,1,0.0,1.0,0.0,1.0,6.0,6.0,6.0
rock_in_opposition,1,0.0,1.0,0.0,1.0,3.0,3.0,3.0
east_coast_rap,1,0.0,1.0,0.0,1.0,5.0,5.0,5.0
oriented_rock,1,0.0,1.0,0.0,1.0,73.0,73.0,73.0
axé,1,0.0,1.0,0.0,1.0,1.0,1.0,1.0
electro_harmonica,1,0.0,1.0,0.0,1.0,6.0,6.0,6.0
cybergrind,1,0.0,1.0,0.0,1.0,15.0,15.0,15.0
mississippi_blues,1,0.0,1.0,0.0,1.0,2.0,2.0,2.0
cinematic_soul,1,1.0,0.0,1.0,0.0,1.0,1.0,1.0
goregrind,1,0.0,1.0,0.0,1.0,7.0,7.0,7.0
open_folk,1,0.0,1.0,0.0,1.0,3.0,3.0,3.0
ghost_rock,1,0.0,1.0,0.0,1.0,7.0,7.0,7.0
wonky,1,0.0,1.0,0.0,1.0,7.0,7.0,7.0
ean,1,0.0,1.0,0.0,1.0,2.0,2.0,2.0
anthem_trance,1,0.0,1.0,0.0,1.0,73.0,73.0,73.0
baggy,1,0.0,1.0,0.0,1.0,6.0,6.0,6.0
canadiana_celtic,1,1.0,0.0,1.0,0.0,6.0,6.0,6.0
throat_singing,1,1.0,0.0,1.0,0.0,3.0,3.0,3.0
western_films,1,0.0,1.0,0.0,1.0,2.0,2.0,2.0
now_wave,1,1.0,0.0,1.0,0.0,8.0,8.0,8.0
childrens_book_author,1,0.0,1.0,0.0,1.0,4.0,4.0,4.0
acid_rap,1,0.0,1.0,0.0,1.0,3.0,3.0,3.0
fringe_folk,1,0.0,1.0,0.0,1.0,5.0,5.0,5.0
latino_siberian,1,0.0,1.0,0.0,1.0,3.0,3.0,3.0
slide_guitar,1,0.0,1.0,0.0,1.0,5.0,5.0,5.0
drinking,1,0.0,1.0,0.0,1.0,3.0,3.0,3.0
cuidado!,1,0.0,1.0,0.0,1.0,10.0,10.0,10.0
sound_alchemy,1,0.0,1.0,0.0,1.0,3.0,3.0,3.0
psychedelic_blues,1,1.0,0.0,1.0,0.0,6.0,6.0,6.0
urbano,1,1.0,0.0,1.0,0.0,5.0,5.0,5.0
martial_industrial,1,0.0,1.0,0.0,1.0,7.0,7.0,7.0
fingerstyle_and_classical_guitar,1,0.0,1.0,0.0,1.0,1.0,1.0,1.0
appalachian,1,0.0,1.0,0.0,1.0,10.0,10.0,10.0
electronic_r_and_b,1,0.0,1.0,0.0,1.0,2.0,2.0,2.0
instrumental_guitar,1,0.0,1.0,0.0,1.0,5.0,5.0,5.0
gh_brothers,1,0.0,1.0,0.0,1.0,1.0,1.0,1.0
guabina,1,0.0,1.0,0.0,1.0,4.0,4.0,4.0
jazz_rock_fusion,1,0.0,1.0,0.0,1.0,5.0,5.0,5.0
solo_acoustic,1,0.0,1.0,0.0,1.0,11.0,11.0,11.0
azerbaijani_jazz,1,0.0,1.0,0.0,1.0,45.0,45.0,45.0
beat_pop,1,0.0,1.0,0.0,1.0,1.0,1.0,1.0
ambient_folk,1,0.0,1.0,0.0,1.0,11.0,11.0,11.0
improv,1,1.0,0.0,1.0,0.0,1.0,1.0,1.0
cuplé,1,1.0,0.0,1.0,0.0,6.0,6.0,6.0
organ_trio,1,0.0,1.0,0.0,1.0,45.0,45.0,45.0
australian_folk,1,0.0,1.0,0.0,1.0,2.0,2.0,2.0
viking_metal,1,0.0,1.0,0.0,1.0,7.0,7.0,7.0
fingerstyle_acoustic,1,0.0,1.0,0.0,1.0,3.0,3.0,3.0
dirty_gospel,1,0.0,1.0,0.0,1.0,2.0,2.0,2.0
television_judge,1,1.0,0.0,1.0,0.0,2.0,2.0,2.0
sarcasm,1,0.0,1.0,0.0,1.0,6.0,6.0,6.0
surf_pop,1,1.0,0.0,1.0,0.0,4.0,4.0,4.0
choral,1,0.0,1.0,0.0,1.0,3.0,3.0,3.0
vọng_cổ,1,1.0,0.0,1.0,0.0,1.0,1.0,1.0
newgrass,1,0.0,1.0,0.0,1.0,2.0,2.0,2.0
guitar_pop,1,0.0,1.0,0.0,1.0,3.0,3.0,3.0
vocal_quartet,1,0.0,1.0,0.0,1.0,5.0,5.0,5.0
blues_and_roots,1,0.0,1.0,0.0,1.0,1.0,1.0,1.0
satirical_and_musical_comedy,1,0.0,1.0,0.0,1.0,1.0,1.0,1.0
patriotic_rock,1,0.0,1.0,0.0,1.0,10.0,10.0,10.0
soft_grunge,1,1.0,0.0,1.0,0.0,6.0,6.0,6.0
afro_son,1,0.0,1.0,0.0,1.0,5.0,5.0,5.0
modern_soul,1,1.0,0.0,1.0,0.0,3.0,3.0,3.0
highlife,1,0.0,1.0,0.0,1.0,6.0,6.0,6.0
west_coast,1,0.0,1.0,0.0,1.0,2.0,2.0,2.0
nengón,1,0.0,1.0,0.0,1.0,3.0,3.0,3.0
euthadisco,1,0.0,1.0,0.0,1.0,5.0,5.0,5.0
old_time_radio,1,1.0,0.0,1.0,0.0,3.0,3.0,3.0
pop_noir,1,1.0,0.0,1.0,0.0,4.0,4.0,4.0
french_pop_rock,1,0.0,1.0,0.0,1.0,2.0,2.0,2.0
eclectic,1,1.0,0.0,1.0,0.0,2.0,2.0,2.0
mellow__and__acoustic_rock,1,0.0,1.0,0.0,1.0,5.0,5.0,5.0
worl_jazz,1,1.0,0.0,1.0,0.0,5.0,5.0,5.0
traditional_acoustic_blues,1,0.0,1.0,0.0,1.0,3.0,3.0,3.0
island,1,0.0,1.0,0.0,1.0,2.0,2.0,2.0
afro,1,0.0,1.0,0.0,1.0,5.0,5.0,5.0
changüí,1,0.0,1.0,0.0,1.0,3.0,3.0,3.0
traditional_folk,1,0.0,1.0,0.0,1.0,3.0,3.0,3.0
nu_soul,1,0.0,1.0,0.0,1.0,2.0,2.0,2.0
avant_garde_prog,1,0.0,1.0,0.0,1.0,3.0,3.0,3.0
brega,1,0.0,1.0,0.0,1.0,11.0,11.0,11.0
garba,1,1.0,0.0,1.0,0.0,6.0,6.0,6.0
classic_country,1,1.0,0.0,1.0,0.0,8.0,8.0,8.0
eurobeat,1,1.0,0.0,1.0,0.0,6.0,6.0,6.0
rock_classical,1,0.0,1.0,0.0,1.0,3.0,3.0,3.0
mexican_folk,1,1.0,0.0,1.0,0.0,4.0,4.0,4.0
soundcloud_rap,1,0.0,1.0,0.0,1.0,3.0,3.0,3.0
atlanta_hip_hop,1,0.0,1.0,0.0,1.0,2.0,2.0,2.0
piano_blues,1,0.0,1.0,0.0,1.0,4.0,4.0,4.0
punjabi_folk,1,1.0,0.0,1.0,0.0,5.0,5.0,5.0
ska_jazz,1,0.0,1.0,0.0,1.0,45.0,45.0,45.0
techno_pop,1,1.0,0.0,1.0,0.0,3.0,3.0,3.0
italian_folk,1,0.0,1.0,0.0,1.0,3.0,3.0,3.0
boogaloo,1,0.0,1.0,0.0,1.0,5.0,5.0,5.0
inspirational_country,1,0.0,1.0,0.0,1.0,3.0,3.0,3.0
abakuá,1,0.0,1.0,0.0,1.0,6.0,6.0,6.0
milonga,1,0.0,1.0,0.0,1.0,4.0,4.0,4.0
old_skool,1,1.0,0.0,1.0,0.0,5.0,5.0,5.0
gwerz,1,0.0,1.0,0.0,1.0,2.0,2.0,2.0
alternative_guitar_pop,1,0.0,1.0,0.0,1.0,3.0,3.0,3.0
sampledelia,1,0.0,1.0,0.0,1.0,6.0,6.0,6.0
c86,1,0.0,1.0,0.0,1.0,5.0,5.0,5.0
maracatu,1,0.0,1.0,0.0,1.0,8.0,8.0,8.0
american_roots,1,0.0,1.0,0.0,1.0,6.0,6.0,6.0
disco_electronica,1,1.0,0.0,1.0,0.0,3.0,3.0,3.0
soviet,1,0.0,1.0,0.0,1.0,2.0,2.0,2.0
canadian_country,1,1.0,0.0,1.0,0.0,2.0,2.0,2.0
berber,1,1.0,0.0,1.0,0.0,7.0,7.0,7.0
broken_beat,1,1.0,0.0,1.0,0.0,7.0,7.0,7.0
western_classical,1,0.0,1.0,0.0,1.0,1.0,1.0,1.0
black,1,0.0,1.0,0.0,1.0,6.0,6.0,6.0
french_contemporary_chanson,1,1.0,0.0,1.0,0.0,2.0,2.0,2.0
sports,1,0.0,1.0,0.0,1.0,73.0,73.0,73.0
nightcore,1,0.0,1.0,0.0,1.0,73.0,73.0,73.0
zamba,1,0.0,1.0,0.0,1.0,3.0,3.0,3.0
contemporary_art,1,0.0,1.0,0.0,1.0,4.0,4.0,4.0
electronic_indie_pop,1,1.0,0.0,1.0,0.0,1.0,1.0,1.0
contemporary_opera,1,1.0,0.0,1.0,0.0,3.0,3.0,3.0
songster,1,0.0,1.0,0.0,1.0,4.0,4.0,4.0
cuban_son,1,0.0,1.0,0.0,1.0,4.0,4.0,4.0
hindustani_classical,1,1.0,0.0,1.0,0.0,5.0,5.0,5.0
deep_funk,1,1.0,0.0,1.0,0.0,2.0,2.0,2.0
filmi_pop,1,1.0,0.0,1.0,0.0,3.0,3.0,3.0
brazilian_pop,1,0.0,1.0,0.0,1.0,4.0,4.0,4.0
dance_jug,1,0.0,1.0,0.0,1.0,6.0,6.0,6.0
experimental_metal,1,0.0,1.0,0.0,1.0,4.0,4.0,4.0
tv,1,1.0,0.0,1.0,0.0,4.0,4.0,4.0
modal,1,0.0,1.0,0.0,1.0,5.0,5.0,5.0
traditional_tunes,1,1.0,0.0,1.0,0.0,2.0,2.0,2.0
community_singing,1,0.0,1.0,0.0,1.0,3.0,3.0,3.0
music_of_colombia,1,0.0,1.0,0.0,1.0,4.0,4.0,4.0
bubblegum_rock,1,0.0,1.0,0.0,1.0,4.0,4.0,4.0
professional_wrestling_theme,1,0.0,1.0,0.0,1.0,5.0,5.0,5.0
mandarin_pop,1,0.0,1.0,0.0,1.0,1.0,1.0,1.0
yass,1,0.0,1.0,0.0,1.0,45.0,45.0,45.0
instrumental_metal,1,1.0,0.0,1.0,0.0,5.0,5.0,5.0
british_dance_band,1,1.0,0.0,1.0,0.0,1.0,1.0,1.0
americana_folk_song,1,0.0,1.0,0.0,1.0,5.0,5.0,5.0
britfunk,1,0.0,1.0,0.0,1.0,7.0,7.0,7.0
death_rap,1,0.0,1.0,0.0,1.0,7.0,7.0,7.0
jazz_flamenco,1,0.0,1.0,0.0,1.0,2.0,2.0,2.0
italian_popular,1,0.0,1.0,0.0,1.0,3.0,3.0,3.0
popcomédie_musicale,1,0.0,1.0,0.0,1.0,1.0,1.0,1.0
slam_poetry,1,0.0,1.0,0.0,1.0,5.0,5.0,5.0
blackened_death_metal,1,0.0,1.0,0.0,1.0,3.0,3.0,3.0
noise_folk,1,1.0,0.0,1.0,0.0,3.0,3.0,3.0
swing_noir,1,1.0,0.0,1.0,0.0,3.0,3.0,3.0
kawaii_metal,1,0.0,1.0,0.0,1.0,1.0,1.0,1.0
male,1,0.0,1.0,0.0,1.0,1.0,1.0,1.0
pop_culture,1,0.0,1.0,0.0,1.0,7.0,7.0,7.0
funeral_doom_metal,1,0.0,1.0,0.0,1.0,4.0,4.0,4.0
soul_pop,1,1.0,0.0,1.0,0.0,2.0,2.0,2.0
christian_contemporary,1,1.0,0.0,1.0,0.0,2.0,2.0,2.0
homo_hop,1,0.0,1.0,0.0,1.0,5.0,5.0,5.0
rock_against_communism,1,1.0,0.0,1.0,0.0,2.0,2.0,2.0
persian_traditional,1,1.0,0.0,1.0,0.0,3.0,3.0,3.0
progressive_pub,1,0.0,1.0,0.0,1.0,73.0,73.0,73.0
pop_hip_hop,1,1.0,0.0,1.0,0.0,3.0,3.0,3.0
experimental_literature,1,0.0,1.0,0.0,1.0,4.0,4.0,4.0
memphis_soul,1,1.0,0.0,1.0,0.0,3.0,3.0,3.0
traditional_gospel,1,0.0,1.0,0.0,1.0,3.0,3.0,3.0
covering,1,0.0,1.0,0.0,1.0,3.0,3.0,3.0
ethnic_fusion,1,0.0,1.0,0.0,1.0,5.0,5.0,5.0
melodic,1,1.0,0.0,1.0,0.0,5.0,5.0,5.0
r_and_g,1,1.0,0.0,1.0,0.0,3.0,3.0,3.0
inuit,1,0.0,1.0,0.0,1.0,1.0,1.0,1.0
ndombolo,1,0.0,1.0,0.0,1.0,7.0,7.0,7.0
sketch,1,0.0,1.0,0.0,1.0,4.0,4.0,4.0
bentonia_school,1,0.0,1.0,0.0,1.0,2.0,2.0,2.0
haitian_folk,1,1.0,0.0,1.0,0.0,4.0,4.0,4.0
composer,1,1.0,0.0,1.0,0.0,4.0,4.0,4.0
noisecore,1,0.0,1.0,0.0,1.0,4.0,4.0,4.0
pop_alternative,1,1.0,0.0,1.0,0.0,4.0,4.0,4.0
ambient_country,1,0.0,1.0,0.0,1.0,2.0,2.0,2.0
kan_ha_diskan,1,0.0,1.0,0.0,1.0,2.0,2.0,2.0
acousmatic,1,0.0,1.0,0.0,1.0,4.0,4.0,4.0
opera_metal,1,1.0,0.0,1.0,0.0,2.0,2.0,2.0
fiddle,1,1.0,0.0,1.0,0.0,6.0,6.0,6.0
slow_jams,1,0.0,1.0,0.0,1.0,3.0,3.0,3.0
alusian,1,1.0,0.0,1.0,0.0,2.0,2.0,2.0
proto_surf_rock,1,0.0,1.0,0.0,1.0,5.0,5.0,5.0
acapella,1,0.0,1.0,0.0,1.0,73.0,73.0,73.0
old_style_jazz,1,0.0,1.0,0.0,1.0,3.0,3.0,3.0
shred,1,0.0,1.0,0.0,1.0,2.0,2.0,2.0
liquid_funk,1,0.0,1.0,0.0,1.0,13.0,13.0,13.0
indie_classic,1,0.0,1.0,0.0,1.0,3.0,3.0,3.0
narrative_nonfiction,1,0.0,1.0,0.0,1.0,6.0,6.0,6.0
aguinaldo,1,0.0,1.0,0.0,1.0,4.0,4.0,4.0
progg,1,0.0,1.0,0.0,1.0,4.0,4.0,4.0
aggressive_soul,1,0.0,1.0,0.0,1.0,1.0,1.0,1.0
recording_engineer,1,0.0,1.0,0.0,1.0,4.0,4.0,4.0
yoiking,1,1.0,0.0,1.0,0.0,2.0,2.0,2.0
rock_ballads,1,1.0,0.0,1.0,0.0,10.0,10.0,10.0
deathgrind,1,0.0,1.0,0.0,1.0,8.0,8.0,8.0
haole,1,1.0,0.0,1.0,0.0,3.0,3.0,3.0
space_age_pop,1,1.0,0.0,1.0,0.0,6.0,6.0,6.0
aleatoric,1,0.0,1.0,0.0,1.0,4.0,4.0,4.0
jingles,1,0.0,1.0,0.0,1.0,73.0,73.0,73.0
grunge_rock,1,1.0,0.0,1.0,0.0,3.0,3.0,3.0
banda,1,1.0,0.0,1.0,0.0,1.0,1.0,1.0
chinese_classical,1,1.0,0.0,1.0,0.0,3.0,3.0,3.0
word_play,1,0.0,1.0,0.0,1.0,3.0,3.0,3.0
new_york_hip_hop,1,0.0,1.0,0.0,1.0,2.0,2.0,2.0
post_minimalism,1,0.0,1.0,0.0,1.0,4.0,4.0,4.0
wellness,1,0.0,1.0,0.0,1.0,3.0,3.0,3.0
italian,1,1.0,0.0,1.0,0.0,3.0,3.0,3.0
venezuelan_folk,1,0.0,1.0,0.0,1.0,1.0,1.0,1.0
canadian,1,1.0,0.0,1.0,0.0,3.0,3.0,3.0
swedish_pop,1,1.0,0.0,1.0,0.0,1.0,1.0,1.0
contemporary_bluegrass,1,1.0,0.0,1.0,0.0,4.0,4.0,4.0
instrumental_hip_hop,1,0.0,1.0,0.0,1.0,6.0,6.0,6.0
blues_rap,1,0.0,1.0,0.0,1.0,4.0,4.0,4.0
jazz_brazilian,1,0.0,1.0,0.0,1.0,2.0,2.0,2.0
vietnamese_pop,1,1.0,0.0,1.0,0.0,2.0,2.0,2.0
jimi_hendrix_tribute,1,0.0,1.0,0.0,1.0,5.0,5.0,5.0
chamamé,1,0.0,1.0,0.0,1.0,3.0,3.0,3.0
vals,1,0.0,1.0,0.0,1.0,4.0,4.0,4.0
filk,1,0.0,1.0,0.0,1.0,3.0,3.0,3.0
punjabi_rap,1,1.0,0.0,1.0,0.0,5.0,5.0,5.0
performance_poetry,1,0.0,1.0,0.0,1.0,5.0,5.0,5.0
persian_classical,1,1.0,0.0,1.0,0.0,3.0,3.0,3.0
television,1,0.0,1.0,0.0,1.0,3.0,3.0,3.0
frevo,1,0.0,1.0,0.0,1.0,8.0,8.0,8.0
screwed__and__chopped,1,0.0,1.0,0.0,1.0,3.0,3.0,3.0
tonal,1,0.0,1.0,0.0,1.0,5.0,5.0,5.0
social_change,1,1.0,0.0,1.0,0.0,3.0,3.0,3.0
island_contemporary,1,0.0,1.0,0.0,1.0,4.0,4.0,4.0
latin_hip_hop,1,1.0,0.0,1.0,0.0,4.0,4.0,4.0
ethnopop,1,1.0,0.0,1.0,0.0,1.0,1.0,1.0
hispanic_folk,1,1.0,0.0,1.0,0.0,2.0,2.0,2.0
powerviolence,1,0.0,1.0,0.0,1.0,3.0,3.0,3.0
traditional_historical,1,0.0,1.0,0.0,1.0,4.0,4.0,4.0
nu_pop,1,0.0,1.0,0.0,1.0,7.0,7.0,7.0
disco_house,1,1.0,0.0,1.0,0.0,3.0,3.0,3.0
the_great_american_songbook,1,0.0,1.0,0.0,1.0,1.0,1.0,1.0
revival_punk,1,0.0,1.0,0.0,1.0,5.0,5.0,5.0
illustrator,1,0.0,1.0,0.0,1.0,4.0,4.0,4.0
melodic_black_metal,1,0.0,1.0,0.0,1.0,7.0,7.0,7.0
tyler_cassidy,1,0.0,1.0,0.0,1.0,6.0,6.0,6.0
ghazal,1,0.0,1.0,0.0,1.0,7.0,7.0,7.0
liturgy,1,0.0,1.0,0.0,1.0,8.0,8.0,8.0
ghettotech,1,1.0,0.0,1.0,0.0,4.0,4.0,4.0
toy_folk,1,1.0,0.0,1.0,0.0,3.0,3.0,3.0
ventriloquism,1,1.0,0.0,1.0,0.0,1.0,1.0,1.0
vaudeville_foxtrot,1,1.0,0.0,1.0,0.0,3.0,3.0,3.0
soulful_house,1,1.0,0.0,1.0,0.0,4.0,4.0,4.0
elektro,1,0.0,1.0,0.0,1.0,5.0,5.0,5.0
c_and_w,1,0.0,1.0,0.0,1.0,3.0,3.0,3.0
rock_improvisation,1,0.0,1.0,0.0,1.0,2.0,2.0,2.0
kindie_rock,1,1.0,0.0,1.0,0.0,2.0,2.0,2.0
ritual,1,1.0,0.0,1.0,0.0,5.0,5.0,5.0
monster_rock,1,0.0,1.0,0.0,1.0,5.0,5.0,5.0
female_vocalists,1,1.0,0.0,1.0,0.0,4.0,4.0,4.0
latin_ballads,1,0.0,1.0,0.0,1.0,3.0,3.0,3.0
sitcom_satire,1,0.0,1.0,0.0,1.0,4.0,4.0,4.0
brostep,1,1.0,0.0,1.0,0.0,6.0,6.0,6.0
coupé_décalé,1,0.0,1.0,0.0,1.0,7.0,7.0,7.0
library,1,0.0,1.0,0.0,1.0,73.0,73.0,73.0
folk_art_rock,1,0.0,1.0,0.0,1.0,3.0,3.0,3.0
childrens_folk,1,0.0,1.0,0.0,1.0,5.0,5.0,5.0
future_bass,1,0.0,1.0,0.0,1.0,9.0,9.0,9.0
nueva_cancion_chilena,1,0.0,1.0,0.0,1.0,3.0,3.0,3.0
traditional_jewish,1,1.0,0.0,1.0,0.0,6.0,6.0,6.0
sacred_steel,1,0.0,1.0,0.0,1.0,7.0,7.0,7.0
piano,1,1.0,0.0,1.0,0.0,1.0,1.0,1.0
light,1,0.0,1.0,0.0,1.0,1.0,1.0,1.0
youth_crew,1,0.0,1.0,0.0,1.0,8.0,8.0,8.0
cuban_trova,1,0.0,1.0,0.0,1.0,4.0,4.0,4.0
mardi_gras_indian,1,0.0,1.0,0.0,1.0,2.0,2.0,2.0
english,1,1.0,0.0,1.0,0.0,3.0,3.0,3.0
experimental_acoustic,1,0.0,1.0,0.0,1.0,1.0,1.0,1.0
funk_blues,1,0.0,1.0,0.0,1.0,4.0,4.0,4.0
southern_gothic,1,0.0,1.0,0.0,1.0,5.0,5.0,5.0
música_rioplatense,1,0.0,1.0,0.0,1.0,3.0,3.0,3.0
barrelhouse,1,0.0,1.0,0.0,1.0,3.0,3.0,3.0
urban__contemporary,1,1.0,0.0,1.0,0.0,4.0,4.0,4.0
melodrama,1,0.0,1.0,0.0,1.0,2.0,2.0,2.0
celtic_folk,1,1.0,0.0,1.0,0.0,1.0,1.0,1.0
rebetiko,1,1.0,0.0,1.0,0.0,4.0,4.0,4.0
cape_jazz,1,0.0,1.0,0.0,1.0,45.0,45.0,45.0
midwest_emo,1,0.0,1.0,0.0,1.0,1.0,1.0,1.0
uk_bass,1,0.0,1.0,0.0,1.0,5.0,5.0,5.0
rock_electronic,1,0.0,1.0,0.0,1.0,5.0,5.0,5.0
old_time_american,1,0.0,1.0,0.0,1.0,3.0,3.0,3.0
traditional_norwegian,1,0.0,1.0,0.0,1.0,3.0,3.0,3.0
